date,dayofweek,prcp,snow,snwd,tavg,tmax,tmin,totaldemand,wt01_boolean,wt02_boolean,wt03_boolean,wt04_boolean,wt06_boolean,wt08_boolean,wt09_boolean
07/01/2013,2,0.98,0,0,73,78,71,,0,0,0,0,0,0,0
07/02/2013,3,0.25,0,0,73,79,71,,0,0,0,0,0,0,0
07/03/2013,4,0.09,0,0,74,81,70,,0,0,0,0,0,0,0
07/04/2013,5,0,0,0,77,84,72,,1,0,0,0,0,0,0
07/05/2013,6,0,0,0,79,87,73,,0,0,0,0,0,0,0
07/06/2013,7,0,0,0,82,93,75,,0,0,0,0,0,0,0
07/07/2013,1,0,0,0,83,88,78,,0,0,0,0,0,0,0
07/08/2013,2,0,0,0,81,87,74,,0,0,0,0,0,0,0
07/09/2013,3,0,0,0,79,87,73,,0,0,0,0,0,0,0
07/10/2013,4,0.06,0,0,78,85,72,,0,0,0,0,0,0,0
07/11/2013,5,0,0,0,78,88,73,,0,0,0,0,0,0,0
07/12/2013,6,0.27,0,0,76,79,70,,1,0,0,0,0,0,0
07/13/2013,7,0,0,0,75,85,71,,1,0,0,0,0,0,0
07/14/2013,1,0,0,0,80,89,73,,1,0,0,0,0,0,0
07/15/2013,2,0,0,0,85,97,77,,0,0,0,0,0,0,0
07/16/2013,3,0,0,0,87,96,78,,0,0,0,0,0,0,0
07/17/2013,4,0,0,0,87,95,79,,0,0,0,0,0,0,0
07/18/2013,5,0,0,0,86,100,77,,0,0,0,0,0,0,0
07/19/2013,6,0,0,0,86,95,80,,0,0,0,0,0,0,0
07/20/2013,7,0.02,0,0,86,96,77,,0,0,0,0,0,0,0
07/21/2013,1,0,0,0,82,88,75,,0,0,0,0,0,0,0
07/22/2013,2,0.09,0,0,78,86,74,,0,0,0,0,0,0,0
07/23/2013,3,0.4,0,0,79,87,73,,0,0,0,0,0,0,0
07/24/2013,4,0,0,0,81,88,70,,0,0,0,0,0,0,0
07/25/2013,5,0.03,0,0,68,70,63,,0,0,0,0,0,0,0
07/26/2013,6,0,0,0,71,84,64,,0,0,0,0,0,0,0
07/27/2013,7,0,0,0,74,81,68,,0,0,0,0,0,0,0
07/28/2013,1,0.07,0,0,73,78,68,,0,0,1,0,0,0,0
07/29/2013,2,0,0,0,76,84,71,,0,0,1,0,0,0,0
07/30/2013,3,0,0,0,77,85,67,,0,0,0,0,0,0,0
07/31/2013,4,0,0,0,76,82,68,,0,0,0,0,0,0,0
08/01/2013,5,0.65,0,0,72,77,68,,1,0,0,0,0,0,0
08/02/2013,6,0,0,0,75,85,68,,1,0,0,0,0,0,0
08/03/2013,7,0,0,0,75,78,70,,0,0,0,0,0,0,0
08/04/2013,1,0,0,0,75,83,67,,0,0,0,0,0,0,0
08/05/2013,2,0,0,0,72,80,64,,0,0,0,0,0,0,0
08/06/2013,3,0,0,0,72,80,64,,0,0,0,0,0,0,0
08/07/2013,4,0,0,0,74,80,70,,0,0,0,0,0,0,0
08/08/2013,5,0.72,0,0,74,81,70,,1,0,0,0,0,0,0
08/09/2013,6,0.01,0,0,76,82,74,,0,0,0,0,0,0,0
08/10/2013,7,0,0,0,78,85,71,,0,0,0,0,0,0,0
08/11/2013,1,0,0,0,74,81,66,,0,0,0,0,0,0,0
08/12/2013,2,0.48,0,0,74,80,69,,1,0,0,0,0,0,0
08/13/2013,3,0.74,0,0,72,76,69,,0,0,0,0,0,0,0
08/14/2013,4,0,0,0,70,77,61,,0,0,0,0,0,0,0
08/15/2013,5,0,0,0,69,77,60,,0,0,0,0,0,0,0
08/16/2013,6,0,0,0,71,79,63,,0,0,0,0,0,0,0
08/17/2013,7,0,0,0,72,81,62,,0,0,0,0,0,0,0
08/18/2013,1,0,0,0,71,78,66,,0,0,0,0,0,0,0
08/19/2013,2,0,0,0,71,78,65,,0,0,0,0,0,0,0
08/20/2013,3,0,0,0,75,85,68,,0,0,0,0,0,0,0
08/21/2013,4,0,0,0,77,88,69,,0,0,0,0,0,0,0
08/22/2013,5,0.08,0,0,74,80,72,,0,0,0,0,0,0,0
08/23/2013,6,0,0,0,76,84,69,,1,0,0,0,0,0,0
08/24/2013,7,0,0,0,72,79,64,,0,0,0,0,0,0,0
08/25/2013,1,0,0,0,72,81,63,,0,0,0,0,0,0,0
08/26/2013,2,0.02,0,0,74,84,68,,0,0,0,0,0,0,0
08/27/2013,3,0.03,0,0,78,88,72,,1,0,0,0,0,0,0
08/28/2013,4,0,0,0,77,85,69,,1,0,0,0,0,0,0
08/29/2013,5,0,0,0,75,82,70,,1,0,0,0,0,0,0
08/30/2013,6,0,0,0,74,83,69,,0,0,0,0,0,0,0
08/31/2013,7,0,0,0,76,83,72,,0,0,0,0,0,0,0
09/01/2013,1,0.02,0,0,76,84,73,,0,0,0,0,0,0,0
09/02/2013,2,0,0,0,76,82,72,,0,0,0,0,0,0,0
09/03/2013,3,0.01,0,0,77,85,69,,0,0,0,0,0,0,0
09/04/2013,4,0,0,0,74,82,66,,0,0,0,0,0,0,0
09/05/2013,5,0,0,0,74,82,64,,0,0,0,0,0,0,0
09/06/2013,6,0,0,0,65,72,56,,0,0,0,0,0,0,0
09/07/2013,7,0,0,0,67,78,58,,0,0,0,0,0,0,0
09/08/2013,1,0,0,0,74,87,62,,0,0,0,0,0,0,0
09/09/2013,2,0,0,0,65,72,54,,0,0,0,0,0,0,0
09/10/2013,3,0,0,0,73,81,70,,0,0,0,0,0,0,0
09/11/2013,4,0,0,0,78,88,72,,0,0,0,0,0,0,0
09/12/2013,5,0.29,0,0,75,82,70,,0,0,0,0,0,0,0
09/13/2013,6,0.09,0,0,73,80,59,,1,0,0,0,0,0,0
09/14/2013,7,0,0,0,62,70,55,,0,0,0,0,0,0,0
09/15/2013,1,0,0,0,61,72,51,,0,0,0,0,0,0,0
09/16/2013,2,0.02,0,0,66,75,57,,0,0,0,0,0,0,0
09/17/2013,3,0,0,0,59,66,49,,0,0,0,0,0,0,0
09/18/2013,4,0,0,0,60,70,50,,0,0,0,0,0,0,0
09/19/2013,5,0,0,0,64,75,54,,0,0,0,0,0,0,0
09/20/2013,6,0,0,0,66,76,56,,0,0,0,0,0,0,0
09/21/2013,7,0.33,0,0,67,75,57,,1,0,0,0,0,0,0
09/22/2013,1,1.16,0,0,67,72,55,,1,0,0,0,0,0,0
09/23/2013,2,0,0,0,59,68,50,,0,0,0,0,0,0,0
09/24/2013,3,0,0,0,59,75,48,,0,0,0,0,0,0,0
09/25/2013,4,0,0,0,63,72,51,,0,0,0,0,0,0,0
09/26/2013,5,0,0,0,62,70,54,,0,0,0,0,0,0,0
09/27/2013,6,0,0,0,61,69,52,,0,0,0,0,0,0,0
09/28/2013,7,0,0,0,64,74,56,,0,0,0,0,0,0,0
09/29/2013,1,0,0,0,62,72,54,,0,0,0,0,0,0,0
09/30/2013,2,0,0,0,61,72,52,,0,0,0,0,0,0,0
10/01/2013,3,0,0,0,67,81,58,,0,0,0,0,0,0,0
10/02/2013,4,0,0,0,71,85,60,,0,0,0,0,0,0,0
10/03/2013,5,0,0,0,71,77,60,,0,0,0,0,0,0,0
10/04/2013,6,0,0,0,70,80,62,,0,0,0,0,0,0,0
10/05/2013,7,0.01,0,0,68,76,64,,0,0,0,0,0,0,0
10/06/2013,1,0,0,0,66,69,65,,0,0,0,0,0,0,0
10/07/2013,2,0.26,0,0,70,78,61,,1,0,0,0,0,0,0
10/08/2013,3,0,0,0,62,68,55,,0,0,0,0,0,0,0
10/09/2013,4,0,0,0,59,65,53,,0,0,0,0,0,0,0
10/10/2013,5,0,0,0,59,66,56,,0,0,0,0,0,0,0
10/11/2013,6,0,0,0,64,69,60,,0,0,0,0,0,1,0
10/12/2013,7,0,0,0,66,75,59,,0,0,0,0,0,0,0
10/13/2013,1,0,0,0,61,68,51,,0,0,0,0,0,0,0
10/14/2013,2,0,0,0,56,66,49,,0,0,0,0,0,0,0
10/15/2013,3,0,0,0,58,70,50,,0,0,0,0,0,0,0
10/16/2013,4,0,0,0,59,67,54,,0,0,0,0,0,0,0
10/17/2013,5,0.01,0,0,64,72,61,,1,0,0,0,0,0,0
10/18/2013,6,0,0,0,64,70,56,,0,0,0,0,0,0,0
10/19/2013,7,0,0,0,58,65,50,,0,0,0,0,0,0,0
10/20/2013,1,0,0,0,59,64,50,,0,0,0,0,0,0,0
10/21/2013,2,0,0,0,57,66,49,,0,0,0,0,0,0,0
10/22/2013,3,0,0,0,60,68,51,,0,0,0,0,0,0,0
10/23/2013,4,0,0,0,52,55,45,,0,0,0,0,0,0,0
10/24/2013,5,0,0,0,48,56,41,,0,0,0,0,0,0,0
10/25/2013,6,0,0,0,46,56,39,,0,0,0,0,0,0,0
10/26/2013,7,0,0,0,47,56,40,,0,0,0,0,0,0,0
10/27/2013,1,0,0,0,52,58,47,,0,0,0,0,0,0,0
10/28/2013,2,0,0,0,50,60,40,,0,0,0,0,0,0,0
10/29/2013,3,0,0,0,51,57,44,,0,0,0,0,0,0,0
10/30/2013,4,0,0,0,52,61,44,,0,0,0,0,0,0,0
10/31/2013,5,0.05,0,0,59,67,53,,0,0,0,0,0,0,0
11/01/2013,6,0.07,0,0,64,69,58,,1,0,0,0,0,0,0
11/02/2013,7,0,0,0,60,67,53,,0,0,0,0,0,0,0
11/03/2013,1,0,0,0,52,56,38,,0,0,0,0,0,0,0
11/04/2013,2,0,0,0,40,48,34,,0,0,0,0,0,0,0
11/05/2013,3,0,0,0,45,56,38,,0,0,0,0,0,0,0
11/06/2013,4,0,0,0,52,61,43,,0,0,0,0,0,0,0
11/07/2013,5,0.13,0,0,58,64,44,,1,0,0,0,0,0,0
11/08/2013,6,0,0,0,46,52,41,,0,0,0,0,0,0,0
11/09/2013,7,0,0,0,44,50,39,,0,0,0,0,0,0,0
11/10/2013,1,0,0,0,51,62,44,,0,0,0,0,0,0,0
11/11/2013,2,0,0,0,49,54,43,,0,0,0,0,0,0,0
11/12/2013,3,0.05,0.2,0,44,52,32,,1,0,0,0,0,0,0
11/13/2013,4,0,0,0,34,41,29,,0,0,0,0,0,0,0
11/14/2013,5,0,0,0,41,53,34,,0,0,0,0,0,0,0
11/15/2013,6,0,0,0,45,53,36,,0,0,0,0,0,0,0
11/16/2013,7,0.08,0,0,49,56,43,,1,0,0,0,0,0,0
11/17/2013,1,0.01,0,0,53,62,46,,0,0,0,0,0,0,0
11/18/2013,2,0.16,0,0,59,67,52,,0,0,0,0,0,0,0
11/19/2013,3,0,0,0,49,52,36,,0,0,0,0,0,0,0
11/20/2013,4,0,0,0,38,46,31,,0,0,0,0,0,0,0
11/21/2013,5,0,0,0,40,52,31,,0,0,0,0,0,0,0
11/22/2013,6,0.07,0,0,52,57,49,,1,0,0,0,0,0,0
11/23/2013,7,0,0,0,48,55,32,,0,0,0,0,0,0,0
11/24/2013,1,0,0,0,30,32,24,,0,0,0,0,0,0,0
11/25/2013,2,0,0,0,28,36,23,,0,0,0,0,0,0,0
11/26/2013,3,0.56,0,0,36,53,34,,0,0,0,0,0,0,0
11/27/2013,4,1.41,0,0,50,61,36,,1,0,0,0,0,0,0
11/28/2013,5,0,0,0,35,37,30,,0,0,0,0,0,0,0
11/29/2013,6,0,0,0,35,41,30,,0,0,0,0,0,0,0
11/30/2013,7,0,0,0,32,44,25,,0,0,0,0,0,0,0
12/01/2013,1,0,0,0,42,49,37,,0,0,0,0,0,1,0
12/02/2013,2,0,0,0,44,51,38,,0,0,0,0,0,0,0
12/03/2013,3,0,0,0,44,54,38,,1,0,0,0,0,0,0
12/04/2013,4,0,0,0,44,51,35,,0,0,0,0,0,0,0
12/05/2013,5,0.01,0,0,51,56,47,,0,0,0,0,0,0,0
12/06/2013,6,0.57,0,0,51,56,37,,0,0,0,0,0,0,0
12/07/2013,7,0.17,0,0,39,43,32,,1,0,0,0,0,0,0
12/08/2013,1,0.03,0.7,0,32,34,28,,0,0,0,0,0,0,0
12/09/2013,2,0.25,0,0,36,42,32,,0,0,0,0,0,0,0
12/10/2013,3,0.28,2.1,0,36,38,30,,0,0,0,0,0,0,0
12/11/2013,4,0,0,1.2,30,32,27,,0,0,0,0,0,0,0
12/12/2013,5,0,0,0,27,30,23,,0,0,0,0,0,0,0
12/13/2013,6,0,0,0,28,36,24,,0,0,0,0,0,0,0
12/14/2013,7,0.57,3.2,0,29,43,25,,0,0,0,0,0,0,0
12/15/2013,1,0.82,0,0,38,47,33,,1,0,0,0,0,0,0
12/16/2013,2,0,0,0,32,35,25,,0,0,0,0,0,0,0
12/17/2013,3,0.13,0.7,0,28,34,25,,0,0,0,0,0,0,0
12/18/2013,4,0,0,0,30,38,25,,0,0,0,0,0,0,0
12/19/2013,5,0,0,0,36,45,29,,0,0,0,0,0,0,0
12/20/2013,6,0,0,0,43,51,36,,0,0,0,0,0,0,0
12/21/2013,7,0,0,0,47,55,42,,1,0,0,0,0,0,0
12/22/2013,1,0,0,0,53,64,50,,0,0,0,0,0,0,0
12/23/2013,2,0.49,0,0,54,57,43,,0,0,0,0,0,0,0
12/24/2013,3,0,0,0,40,43,27,,0,0,0,0,0,0,0
12/25/2013,4,0,0,0,26,32,20,,0,0,0,0,0,0,0
12/26/2013,5,0,0,0,32,38,28,,0,0,0,0,0,0,0
12/27/2013,6,0,0,0,36,42,31,,0,0,0,0,0,0,0
12/28/2013,7,0,0,0,41,53,31,,0,0,0,0,0,0,0
12/29/2013,1,1.18,0,0,44,49,38,,1,0,0,0,0,0,0
12/30/2013,2,0,0,0,41,47,24,,0,0,0,0,0,0,0
12/31/2013,3,0,0,0,27,34,21,,0,0,0,0,0,0,0
01/01/2014,4,0,0,0,29,34,24,,0,0,0,0,0,0,0
01/02/2014,5,0.13,2.4,0,30,33,19,,0,0,0,0,0,0,0
01/03/2014,6,0.22,5.5,7.1,16,19,9,,0,0,0,0,0,0,0
01/04/2014,7,0,0,7.1,15,31,3,,0,0,0,0,0,0,0
01/05/2014,1,0.1,0,5.9,31,49,23,,0,0,0,0,0,0,0
01/06/2014,2,0.41,0,1.2,46,53,20,,0,0,0,0,0,0,0
01/07/2014,3,0,0,0,15,20,6,,0,0,0,0,0,0,0
01/08/2014,4,0,0,0,14,24,10,,0,0,0,0,0,0,0
01/09/2014,5,0,0,0,26,34,22,,0,0,0,0,0,0,0
01/10/2014,6,0.19,0.1,0,31,38,24,,0,0,0,0,0,0,0
01/11/2014,7,0.72,0,0,46,54,38,,0,0,0,0,0,0,0
01/12/2014,1,0,0,0,47,52,33,,0,0,0,0,0,0,0
01/13/2014,2,0,0,0,40,50,30,,0,0,0,0,0,0,0
01/14/2014,3,0.55,0,0,46,48,43,,0,0,0,0,0,0,0
01/15/2014,4,0,0,0,40,44,32,,0,0,0,0,0,0,0
01/16/2014,5,0,0,0,40,42,35,,0,0,0,0,0,0,0
01/17/2014,6,0,0,0,37,45,28,,0,0,0,0,0,0,0
01/18/2014,7,0.24,0.1,0,39,42,28,,0,0,0,0,0,0,0
01/19/2014,1,0,0,0,31,38,26,,0,0,0,0,0,0,0
01/20/2014,2,0,0,0,39,48,33,,0,0,0,0,0,0,0
01/21/2014,3,0.35,6.8,0,27,33,13,,0,0,0,0,0,0,0
01/22/2014,4,0.01,0.3,7.1,13,18,7,,0,0,0,0,0,0,0
01/23/2014,5,0,0,7.1,14,21,8,,0,0,0,0,0,0,0
01/24/2014,6,0,0,5.9,16,20,11,,0,0,0,0,0,0,0
01/25/2014,7,0.04,0.8,5.1,24,30,20,,0,0,0,0,0,0,0
01/26/2014,1,0,0,5.1,22,36,18,,0,0,0,0,0,0,0
01/27/2014,2,0,0,3.9,35,45,22,,0,0,0,0,0,0,0
01/28/2014,3,0,0,1.2,20,22,14,,0,0,0,0,0,0,0
01/29/2014,4,0.05,1,2,19,24,16,,0,0,0,0,0,0,0
01/30/2014,5,0,0,1.2,21,28,14,,0,0,0,0,0,0,0
01/31/2014,6,0,0,0,31,43,25,,0,0,0,0,0,0,0
02/01/2014,7,0,0,0,36,43,30,,0,0,0,0,0,0,0
02/02/2014,1,0,0,0,39,52,30,,0,0,0,0,0,0,0
02/03/2014,2,1.08,6.7,0,38,44,28,,1,0,0,0,0,0,0
02/04/2014,3,0,0,5.9,29,35,22,,0,0,0,0,0,0,0
02/05/2014,4,1.2,2.2,7.1,32,35,30,,0,0,0,0,0,0,0
02/06/2014,5,0,0,5.9,29,32,24,,0,0,0,0,0,0,0
02/07/2014,6,0,0,5.1,28,32,25,,0,0,0,0,0,0,0
02/08/2014,7,0,0,5.1,27,29,21,,0,0,0,0,0,0,0
02/09/2014,1,0.13,1.5,5.1,26,30,20,,1,0,0,0,0,0,0
02/10/2014,2,0,0,5.9,26,29,21,,0,0,0,0,0,0,0
02/11/2014,3,0,0,5.9,22,25,16,,0,0,0,0,0,0,0
02/12/2014,4,0,0,5.1,19,27,12,,0,0,0,0,0,0,0
02/13/2014,5,1.27,5.5,7.1,31,36,26,,0,0,0,0,0,0,0
02/14/2014,6,0.13,1.4,9.8,36,41,32,,0,0,0,0,0,0,0
02/15/2014,7,0.11,1.6,9.1,34,37,28,,0,0,0,0,0,0,0
02/16/2014,1,0,0,9.8,27,30,22,,0,0,0,0,0,0,0
02/17/2014,2,0,0,9.8,24,32,19,,0,0,0,0,0,0,0
02/18/2014,3,0.15,1.6,9.8,32,40,26,,0,0,0,0,0,0,0
02/19/2014,4,0.31,0,7.9,36,44,27,,1,0,0,0,0,0,0
02/20/2014,5,0.02,0,5.1,39,44,33,,1,0,0,0,0,0,0
02/21/2014,6,0.14,0,3.1,40,47,35,,0,0,0,0,0,0,0
02/22/2014,7,0,0,1.2,42,53,34,,1,0,0,0,0,0,0
02/23/2014,1,0,0,0,44,55,35,,0,0,0,0,0,0,0
02/24/2014,2,0.02,0,0,40,45,28,,0,0,0,0,0,0,0
02/25/2014,3,0,0,0,30,35,26,,0,0,0,0,0,0,0
02/26/2014,4,0.03,0.5,0,28,33,20,,0,0,0,0,0,0,0
02/27/2014,5,0,0,0,25,35,15,,0,0,0,0,0,0,0
02/28/2014,6,0,0,0,18,26,11,,0,0,0,0,0,0,0
03/01/2014,7,0,0,0,26,36,17,,0,0,0,0,0,0,0
03/02/2014,1,0,0,0,36,43,30,,0,0,0,0,0,0,0
03/03/2014,2,0.04,0.6,1.2,27,35,18,,0,0,0,0,0,0,0
03/04/2014,3,0,0,0,20,29,13,,0,0,0,0,0,0,0
03/05/2014,4,0,0,0,31,40,25,,0,0,0,0,0,0,0
03/06/2014,5,0,0,0,26,31,17,,0,0,0,0,0,0,0
03/07/2014,6,0,0,0,30,36,27,,0,0,0,0,0,1,0
03/08/2014,7,0,0,0,42,60,32,,0,0,0,0,0,0,0
03/09/2014,1,0,0,0,44,47,36,,0,0,0,0,0,0,0
03/10/2014,2,0,0,0,42,51,35,,0,0,0,0,0,0,0
03/11/2014,3,0,0,0,49,65,38,,0,0,0,0,0,0,0
03/12/2014,4,0.15,0,0,47,57,34,,1,0,0,0,0,0,0
03/13/2014,5,0,0,0,30,34,19,,0,0,0,0,0,0,0
03/14/2014,6,0,0,0,30,42,22,,0,0,0,0,0,0,0
03/15/2014,7,0.01,0,0,48,61,40,,0,0,0,0,0,0,0
03/16/2014,1,0,0,0,40,43,31,,0,0,0,0,0,0,0
03/17/2014,2,0,0,0,30,34,25,,0,0,0,0,0,0,0
03/18/2014,3,0,0,0,33,43,25,,0,0,0,0,0,0,0
03/19/2014,4,0.72,0,0,36,46,28,,1,0,0,0,0,0,0
03/20/2014,5,0,0,0,47,56,42,,1,0,0,0,0,0,0
03/21/2014,6,0,0,0,45,54,34,,0,0,0,0,0,0,0
03/22/2014,7,0,0,0,48,65,35,,0,0,0,0,0,0,0
03/23/2014,1,0,0,0,43,46,28,,0,0,0,0,0,0,0
03/24/2014,2,0,0,0,29,36,22,,0,0,0,0,0,0,0
03/25/2014,3,0,0,0,31,39,23,,0,0,0,0,0,0,0
03/26/2014,4,0,0,0,35,39,25,,0,0,0,0,0,0,0
03/27/2014,5,0,0,0,30,39,23,,0,0,0,0,0,0,0
03/28/2014,6,0,0,0,43,51,36,,0,0,0,0,0,0,0
03/29/2014,7,2.6,0,0,47,52,41,,1,0,0,0,0,0,0
03/30/2014,1,0.53,0,0,49,55,40,,0,0,0,0,0,0,0
03/31/2014,2,0.21,0,0,43,56,34,,1,0,0,0,0,0,0
04/01/2014,3,0,0,0,46,57,37,,0,0,0,0,0,0,0
04/02/2014,4,0.03,0,0,43,48,38,,0,0,0,0,0,0,0
04/03/2014,5,0.08,0,0,49,63,39,,0,0,0,0,0,0,0
04/04/2014,6,0.1,0,0,44,45,41,,0,0,0,0,0,0,0
04/05/2014,7,0,0,0,47,57,41,,1,0,0,0,0,0,0
04/06/2014,1,0,0,0,45,57,37,,0,0,0,0,0,0,0
04/07/2014,2,0.35,0,0,44,51,37,,0,0,0,0,0,0,0
04/08/2014,3,0.25,0,0,53,66,47,,0,0,0,0,0,0,0
04/09/2014,4,0,0,0,54,64,43,,0,0,0,0,0,0,0
04/10/2014,5,0,0,0,48,53,38,,0,0,0,0,0,0,0
04/11/2014,6,0,0,0,54,69,47,,0,0,0,0,0,0,0
04/12/2014,7,0,0,0,59,68,49,,0,0,0,0,0,0,0
04/13/2014,1,0,0,0,54,65,47,,0,0,0,0,0,0,0
04/14/2014,2,0,0,0,56,66,51,,1,0,0,0,0,0,0
04/15/2014,3,0.65,0.1,0,54,56,34,,0,0,0,0,0,0,0
04/16/2014,4,0.08,0,0,40,49,32,,0,0,0,0,0,0,0
04/17/2014,5,0,0,0,42,47,35,,0,0,0,0,0,0,0
04/18/2014,6,0,0,0,40,46,36,,0,0,0,0,0,0,0
04/19/2014,7,0,0,0,51,68,40,,0,0,0,0,0,0,0
04/20/2014,1,0,0,0,51,54,42,,0,0,0,0,0,0,0
04/21/2014,2,0,0,0,48,58,37,,0,0,0,0,0,0,0
04/22/2014,3,0,0,0,52,62,45,,0,0,0,0,0,0,0
04/23/2014,4,0,0,0,56,63,45,,0,0,0,0,0,0,0
04/24/2014,5,0,0,0,51,64,43,,0,0,0,0,0,0,0
04/25/2014,6,0,0,0,52,59,43,,0,0,0,0,0,0,0
04/26/2014,7,0.71,0,0,52,67,46,,1,0,0,0,0,0,0
04/27/2014,1,0,0,0,52,61,46,,0,0,0,0,0,0,0
04/28/2014,2,0,0,0,54,66,45,,0,0,0,0,0,0,0
04/29/2014,3,0.05,0,0,49,51,44,,0,0,0,0,0,0,0
04/30/2014,4,4.68,0,0,45,56,42,,1,0,0,0,0,0,0
05/01/2014,5,0.24,0,0,57,71,53,,0,0,0,0,0,0,0
05/02/2014,6,0.01,0,0,61,69,52,,0,0,0,0,0,0,0
05/03/2014,7,0,0,0,59,66,49,,0,0,0,0,0,0,0
05/04/2014,1,0,0,0,58,66,53,,0,0,0,0,0,0,0
05/05/2014,2,0,0,0,59,69,50,,0,0,0,0,0,0,0
05/06/2014,3,0,0,0,60,69,50,,0,0,0,0,0,0,0
05/07/2014,4,0,0,0,58,64,50,,0,0,0,0,0,0,0
05/08/2014,5,0.38,0,0,55,58,51,,1,0,0,0,0,0,0
05/09/2014,6,0.04,0,0,58,63,56,,0,0,0,0,0,0,0
05/10/2014,7,0.79,0,0,63,77,54,,0,0,0,0,0,0,0
05/11/2014,1,0.02,0,0,69,79,61,,1,0,0,0,0,0,0
05/12/2014,2,0,0,0,66,76,56,,0,0,0,0,0,0,0
05/13/2014,3,0,0,0,64,70,51,,1,0,0,0,0,0,0
05/14/2014,4,0,0,0,56,64,50,,1,0,0,0,0,0,0
05/15/2014,5,0.14,0,0,63,71,60,,0,0,0,0,0,0,0
05/16/2014,6,1.26,0,0,64,66,60,,1,0,0,0,0,0,0
05/17/2014,7,0,0,0,62,70,55,,0,0,0,0,0,0,0
05/18/2014,1,0,0,0,61,69,52,,0,0,0,0,0,0,0
05/19/2014,2,0,0,0,62,74,50,,0,0,0,0,0,0,0
05/20/2014,3,0,0,0,66,79,55,,0,0,0,0,0,0,0
05/21/2014,4,0,0,0,69,75,60,,0,0,0,0,0,0,0
05/22/2014,5,0.32,0,0,60,62,58,,0,0,0,0,0,0,0
05/23/2014,6,0.32,0,0,62,69,57,,0,0,0,0,0,0,0
05/24/2014,7,0.05,0,0,61,70,57,,1,0,0,0,0,0,0
05/25/2014,1,0,0,0,65,78,56,,0,0,0,0,0,0,0
05/26/2014,2,0,0,0,71,85,60,,0,0,0,0,0,0,0
05/27/2014,3,0,0,0,75,84,64,,0,0,0,0,0,0,0
05/28/2014,4,0,0,0,63,67,53,,0,0,0,0,0,0,0
05/29/2014,5,0,0,0,56,62,52,,0,0,0,0,0,0,0
05/30/2014,6,0.03,0,0,61,70,53,,0,0,0,0,0,0,0
05/31/2014,7,0,0,0,63,72,55,,0,0,0,0,0,0,0
06/01/2014,1,0,0,0,64,75,54,,0,0,0,0,0,0,0
06/02/2014,2,0,0,0,66,74,57,,0,0,0,0,0,0,0
06/03/2014,3,0,0,0,69,80,62,,0,0,0,0,0,0,0
06/04/2014,4,0,0,0,69,82,63,,0,0,0,0,0,0,0
06/05/2014,5,0.5,0,0,67,77,62,,1,0,0,0,0,0,0
06/06/2014,6,0,0,0,70,79,63,,0,0,0,0,0,0,0
06/07/2014,7,0,0,0,72,80,61,,0,0,0,0,0,0,0
06/08/2014,1,0,0,0,72,85,61,,0,0,0,0,0,0,0
06/09/2014,2,0.95,0,0,67,68,63,,0,0,0,0,0,0,0
06/10/2014,3,0,0,0,70,78,67,,0,0,0,0,0,0,0
06/11/2014,4,0,0,0,68,70,61,,1,0,0,0,0,0,0
06/12/2014,5,0.01,0,0,66,76,61,,1,0,0,0,0,0,0
06/13/2014,6,0.99,0,0,70,81,67,,0,0,0,0,0,0,0
06/14/2014,7,0,0,0,71,79,62,,1,0,0,0,0,0,0
06/15/2014,1,0,0,0,69,82,60,,0,0,0,0,0,0,0
06/16/2014,2,0,0,0,72,77,64,,0,0,0,0,0,0,0
06/17/2014,3,0,0,0,73,82,68,,0,0,0,0,0,0,0
06/18/2014,4,0,0,0,82,91,74,,0,0,0,0,0,0,0
06/19/2014,5,0.05,0,0,75,76,69,,0,0,0,0,0,0,0
06/20/2014,6,0,0,0,74,83,65,,0,0,0,0,0,0,0
06/21/2014,7,0,0,0,71,75,62,,0,0,0,0,0,1,0
06/22/2014,1,0,0,0,69,77,61,,0,0,0,0,0,0,0
06/23/2014,2,0,0,0,71,81,62,,0,0,0,0,0,0,0
06/24/2014,3,0,0,0,71,79,65,,0,0,0,0,0,0,0
06/25/2014,4,0.09,0,0,73,83,68,,1,0,0,0,0,0,0
06/26/2014,5,0.02,0,0,78,89,70,,1,0,0,0,0,0,0
06/27/2014,6,0,0,0,74,79,65,,0,0,0,0,0,0,0
06/28/2014,7,0,0,0,74,86,66,,0,0,0,0,0,0,0
06/29/2014,1,0,0,0,73,79,65,,0,0,0,0,0,0,0
06/30/2014,2,0,0,0,73,80,67,,0,0,0,0,0,0,0
07/01/2014,3,0,0,0,76,84,71,,0,0,0,0,0,0,0
07/02/2014,4,0.52,0,0,77,85,71,,0,0,0,0,0,0,0
07/03/2014,5,0.35,0,0,77,85,71,,0,0,0,0,0,0,0
07/04/2014,6,0.32,0,0,72,76,66,,0,0,0,0,0,0,0
07/05/2014,7,0,0,0,73,84,65,,0,0,0,0,0,0,0
07/06/2014,1,0,0,0,75,83,66,,0,0,0,0,0,0,0
07/07/2014,2,0,0,0,76,83,70,,0,0,0,0,0,0,0
07/08/2014,3,0,0,0,79,88,72,,0,0,0,0,0,0,0
07/09/2014,4,0.01,0,0,76,84,71,,0,0,1,0,0,0,0
07/10/2014,5,0.03,0,0,76,85,71,,0,0,1,0,0,0,0
07/11/2014,6,0,0,0,76,85,67,,0,0,0,0,0,0,0
07/12/2014,7,0,0,0,73,82,66,,0,0,0,0,0,0,0
07/13/2014,1,0.06,0,0,73,80,69,,0,0,0,0,0,0,0
07/14/2014,2,1.87,0,0,76,83,70,,0,0,0,0,0,0,0
07/15/2014,3,1.03,0,0,74,82,69,,0,0,0,0,0,0,0
07/16/2014,4,0.01,0,0,74,83,70,,1,0,0,0,0,0,0
07/17/2014,5,0,0,0,75,82,67,,0,0,0,0,0,0,0
07/18/2014,6,0,0,0,74,84,65,,0,0,0,0,0,0,0
07/19/2014,7,0,0,0,73,79,68,,0,0,0,0,0,0,0
07/20/2014,1,0,0,0,72,78,68,,0,0,0,0,0,0,0
07/21/2014,2,0,0,0,73,83,65,,0,0,0,0,0,0,0
07/22/2014,3,0,0,0,75,84,68,,0,0,0,0,0,0,0
07/23/2014,4,0.02,0,0,77,83,71,,0,0,1,0,0,0,0
07/24/2014,5,0,0,0,78,83,72,,0,0,0,0,0,0,0
07/25/2014,6,0,0,0,75,83,67,,0,0,0,0,0,0,0
07/26/2014,7,0.09,0,0,74,81,69,,0,0,0,0,0,0,0
07/27/2014,1,0.01,0,0,76,84,71,,0,0,1,0,0,0,0
07/28/2014,2,0.51,0,0,78,84,69,,0,0,0,0,0,0,0
07/29/2014,3,0,0,0,72,79,64,,0,0,0,0,0,0,0
07/30/2014,4,0,0,0,72,80,64,,0,0,0,0,0,0,0
07/31/2014,5,0,0,0,74,82,65,,0,0,0,0,0,0,0
08/01/2014,6,0,0,0,75,82,71,,0,0,0,0,0,0,0
08/02/2014,7,0.4,0,0,71,76,65,,1,0,0,0,0,0,0
08/03/2014,1,0.09,0,0,70,78,66,,1,0,0,0,0,0,0
08/04/2014,2,0,0,0,75,81,70,,0,0,0,0,0,0,0
08/05/2014,3,0,0,0,77,85,70,,0,0,0,0,0,0,0
08/06/2014,4,0,0,0,77,85,71,,0,0,0,0,0,0,0
08/07/2014,5,0,0,0,77,86,67,,0,0,0,0,0,0,0
08/08/2014,6,0,0,0,74,84,65,,0,0,0,0,0,0,0
08/09/2014,7,0,0,0,76,86,66,,0,0,0,0,0,0,0
08/10/2014,1,0,0,0,78,87,68,,0,0,0,0,0,0,0
08/11/2014,2,0,0,0,76,84,67,,0,0,0,0,0,0,0
08/12/2014,3,0.34,0,0,76,80,72,,1,0,0,0,0,0,0
08/13/2014,4,2.92,0,0,75,85,68,,1,0,0,0,0,0,0
08/14/2014,5,0,0,0,73,80,65,,0,0,0,0,0,0,0
08/15/2014,6,0,0,0,70,76,62,,0,0,0,0,0,0,0
08/16/2014,7,0,0,0,71,77,63,,0,0,0,0,0,0,0
08/17/2014,1,0,0,0,75,85,66,,0,0,0,0,0,0,0
08/18/2014,2,0,0,0,74,82,63,,0,0,0,0,0,0,0
08/19/2014,3,0,0,0,72,80,64,,0,0,0,0,0,0,0
08/20/2014,4,0,0,0,73,80,66,,0,0,0,0,0,0,0
08/21/2014,5,0.21,0,0,74,79,67,,0,0,0,0,0,0,0
08/22/2014,6,0.13,0,0,72,78,67,,1,0,0,0,0,0,0
08/23/2014,7,0,0,0,70,74,66,,0,0,0,0,0,0,0
08/24/2014,1,0,0,0,70,81,62,,0,0,0,0,0,0,0
08/25/2014,2,0,0,0,74,87,63,,0,0,0,0,0,0,0
08/26/2014,3,0,0,0,76,82,67,,1,0,0,0,0,0,0
08/27/2014,4,0,0,0,76,86,67,,0,0,0,0,0,0,0
08/28/2014,5,0,0,0,77,84,68,,0,0,0,0,0,0,0
08/29/2014,6,0,0,0,71,78,63,,0,0,0,0,0,0,0
08/30/2014,7,0,0,0,71,78,63,,0,0,0,0,0,0,0
08/31/2014,1,0.14,0,0,77,85,73,,0,0,0,0,0,0,0
09/01/2014,2,0,0,0,78,86,74,,0,0,0,0,0,0,0
09/02/2014,3,0,0,0,81,92,74,,0,0,0,0,0,0,0
09/03/2014,4,0,0,0,80,88,72,,0,0,0,0,0,0,0
09/04/2014,5,0,0,0,77,85,68,,1,0,0,0,0,0,0
09/05/2014,6,0,0,0,77,85,71,,0,0,0,0,0,0,0
09/06/2014,7,0.04,0,0,79,86,68,,0,0,1,0,0,0,0
09/07/2014,1,0,0,0,74,82,66,,0,0,0,0,0,0,0
09/08/2014,2,0,0,0,71,78,65,,0,0,0,0,0,0,0
09/09/2014,3,0,0,0,69,75,64,,0,0,0,0,0,0,0
09/10/2014,4,0,0,0,69,78,63,,0,0,0,0,0,0,0
09/11/2014,5,0,0,0,74,85,69,,0,0,0,0,0,0,0
09/12/2014,6,0,0,0,72,79,63,,0,0,0,0,0,0,0
09/13/2014,7,0.29,0,0,66,70,60,,1,0,0,0,0,0,0
09/14/2014,1,0,0,0,62,72,54,,0,0,0,0,0,0,0
09/15/2014,2,0,0,0,63,71,55,,0,0,0,0,0,0,0
09/16/2014,3,0.26,0,0,64,67,60,,1,0,0,0,0,0,0
09/17/2014,4,0,0,0,64,73,55,,0,0,0,0,0,0,0
09/18/2014,5,0,0,0,67,78,57,,0,0,0,0,0,0,0
09/19/2014,6,0,0,0,63,67,56,,0,0,0,0,0,0,0
09/20/2014,7,0.37,0,0,65,75,54,,1,0,0,0,0,0,0
09/21/2014,1,0.21,0,0,71,77,67,,1,0,0,0,0,0,0
09/22/2014,2,0,0,0,69,73,55,,0,0,0,0,0,0,0
09/23/2014,3,0,0,0,60,69,51,,0,0,0,0,0,0,0
09/24/2014,4,0,0,0,64,72,56,,0,0,0,0,0,0,0
09/25/2014,5,0.23,0,0,63,64,60,,1,0,0,0,0,0,0
09/26/2014,6,0,0,0,67,79,59,,0,0,0,0,0,0,0
09/27/2014,7,0,0,0,70,84,62,,0,0,0,0,0,0,0
09/28/2014,1,0,0,0,69,78,62,,0,0,0,0,0,0,0
09/29/2014,2,0,0,0,69,78,64,,0,0,0,0,0,0,0
09/30/2014,3,0.03,0,0,68,70,62,,1,0,0,0,0,0,0
10/01/2014,4,0,0,0,64,67,62,,0,0,0,0,0,0,0
10/02/2014,5,0,0,0,63,68,61,,0,0,0,0,0,0,0
10/03/2014,6,0,0,0,62,68,55,,0,0,0,0,0,0,0
10/04/2014,7,0.7,0,0,66,72,52,,1,0,0,0,0,0,0
10/05/2014,1,0,0,0,55,61,47,,0,0,0,0,0,0,0
10/06/2014,2,0,0,0,58,70,45,,0,0,0,0,0,0,0
10/07/2014,3,0.02,0,0,68,74,65,,0,0,0,0,0,0,0
10/08/2014,4,0.02,0,0,69,75,62,,0,0,0,0,0,0,0
10/09/2014,5,0,0,0,64,69,56,,0,0,0,0,0,0,0
10/10/2014,6,0,0,0,60,64,52,,0,0,0,0,0,0,0
10/11/2014,7,0.45,0,0,56,59,50,,1,0,0,0,0,0,0
10/12/2014,1,0,0,0,55,65,46,,0,0,0,0,0,0,0
10/13/2014,2,0.08,0,0,57,66,46,,1,0,0,0,0,1,0
10/14/2014,3,0,0,0,68,75,64,,0,0,0,0,0,0,0
10/15/2014,4,0.01,0,0,71,76,68,,1,0,0,0,0,0,0
10/16/2014,5,0.78,0,0,69,71,60,,1,0,0,0,0,0,0
10/17/2014,6,0,0,0,65,72,60,,0,0,0,0,0,0,0
10/18/2014,7,0,0,0,65,72,57,,0,0,0,0,0,0,0
10/19/2014,1,0,0,0,56,58,44,,0,0,0,0,0,0,0
10/20/2014,2,0,0,0,50,61,42,,0,0,0,0,0,0,0
10/21/2014,3,0.05,0,0,59,67,53,,0,0,0,0,0,0,0
10/22/2014,4,1.42,0,0,56,58,52,,1,0,1,0,0,0,0
10/23/2014,5,0.12,0,0,53,54,51,,1,0,0,0,0,0,0
10/24/2014,6,0,0,0,55,63,51,,0,0,0,0,0,0,0
10/25/2014,7,0,0,0,57,68,50,,0,0,0,0,0,0,0
10/26/2014,1,0,0,0,60,65,54,,0,0,0,0,0,0,0
10/27/2014,2,0,0,0,57,64,50,,0,0,0,0,0,0,0
10/28/2014,3,0,0,0,59,70,48,,0,0,0,0,0,0,0
10/29/2014,4,0.03,0,0,63,74,52,,0,0,0,0,0,0,0
10/30/2014,5,0,0,0,54,61,46,,1,0,0,0,0,0,0
10/31/2014,6,0.01,0,0,51,55,46,,0,0,0,0,0,0,0
11/01/2014,7,1.03,0,0,48,49,43,,0,0,0,0,0,0,0
11/02/2014,1,0,0,0,45,50,41,,0,0,0,0,0,0,0
11/03/2014,2,0,0,0,48,61,40,,0,0,0,0,0,0,0
11/04/2014,3,0,0,0,57,67,50,,0,0,0,0,0,0,0
11/05/2014,4,0,0,0,58,65,52,,0,0,0,0,0,0,0
11/06/2014,5,0.43,0,0,52,54,49,,1,0,0,0,0,0,0
11/07/2014,6,0,0,0,50,54,41,,0,0,0,0,0,0,0
11/08/2014,7,0,0,0,43,48,36,,0,0,0,0,0,0,0
11/09/2014,1,0,0,0,50,57,44,,0,0,0,0,0,0,0
11/10/2014,2,0,0,0,49,59,38,,0,0,0,0,0,0,0
11/11/2014,3,0,0,0,54,64,42,,1,0,0,0,0,0,0
11/12/2014,4,0,0,0,60,66,45,,1,1,0,0,0,1,0
11/13/2014,5,0.11,0,0,46,49,38,,0,0,0,0,0,0,0
11/14/2014,6,0.07,0,0,40,44,37,,0,0,0,0,0,0,0
11/15/2014,7,0,0,0,38,43,30,,0,0,0,0,0,0,0
11/16/2014,1,0,0,0,38,45,31,,0,0,0,0,0,0,0
11/17/2014,2,1.37,0,0,45,55,40,,1,0,0,0,0,0,0
11/18/2014,3,0,0,0,38,46,25,,0,0,0,0,0,0,0
11/19/2014,4,0,0,0,28,37,23,,0,0,0,0,0,0,0
11/20/2014,5,0,0,0,40,48,32,,0,0,0,0,0,0,0
11/21/2014,6,0,0,0,34,38,28,,0,0,0,0,0,0,0
11/22/2014,7,0,0,0,34,44,26,,0,0,0,0,0,0,0
11/23/2014,1,0,0,0,46,55,43,,0,0,0,0,0,0,0
11/24/2014,2,0.45,0,0,57,64,55,,1,1,0,0,0,0,0
11/25/2014,3,0,0,0,57,62,48,,1,0,0,0,0,0,0
11/26/2014,4,1,0.1,0,44,52,36,,1,0,0,1,0,0,0
11/27/2014,5,0.02,0,0,37,39,36,,1,0,0,0,0,0,0
11/28/2014,6,0,0,0,35,41,28,,0,0,0,0,0,0,0
11/29/2014,7,0,0,0,31,46,26,,0,0,0,0,0,0,0
11/30/2014,1,0,0,0,48,53,45,,0,0,0,0,0,0,0
12/01/2014,2,0.07,0,0,54,62,42,,0,0,0,0,0,0,0
12/02/2014,3,0.09,0,0,41,47,36,,1,0,0,0,0,0,0
12/03/2014,4,0.15,0,0,45,48,42,,1,0,0,0,0,0,0
12/04/2014,5,0,0,0,42,47,36,,0,0,0,0,0,0,0
12/05/2014,6,0.55,0,0,40,50,35,,1,0,0,0,0,0,0
12/06/2014,7,1.24,0,0,48,52,41,,1,0,0,0,0,0,0
12/07/2014,1,0.05,0,0,41,44,31,,0,0,0,0,0,0,0
12/08/2014,2,0,0,0,31,37,26,,0,0,0,0,0,0,0
12/09/2014,3,3.04,0,0,40,48,37,,1,0,0,0,0,0,0
12/10/2014,4,0.11,0.3,0,40,42,34,,1,0,0,0,0,1,0
12/11/2014,5,0,0,0,35,40,32,,0,0,0,0,0,0,0
12/12/2014,6,0,0,0,36,41,33,,0,0,0,0,0,0,0
12/13/2014,7,0,0,0,38,47,34,,0,0,0,0,0,0,0
12/14/2014,1,0,0,0,41,47,37,,0,0,0,0,0,0,0
12/15/2014,2,0,0,0,41,48,34,,0,0,0,0,0,0,0
12/16/2014,3,0.3,0,0,41,50,33,,1,0,0,0,0,0,0
12/17/2014,4,0.03,0,0,49,55,43,,1,0,0,0,0,0,0
12/18/2014,5,0,0,0,42,44,38,,0,0,0,0,0,0,0
12/19/2014,6,0,0,0,38,40,32,,0,0,0,0,0,0,0
12/20/2014,7,0,0,0,33,34,31,,0,0,0,0,0,0,0
12/21/2014,1,0,0,0,35,38,33,,0,0,0,0,0,0,0
12/22/2014,2,0.04,0,0,40,48,37,,1,0,0,0,0,0,0
12/23/2014,3,0.21,0,0,48,50,47,,1,0,0,0,0,0,0
12/24/2014,4,1.05,0,0,49,57,47,,1,1,0,0,0,0,0
12/25/2014,5,0.06,0,0,52,57,42,,1,1,0,0,0,0,0
12/26/2014,6,0,0,0,45,51,38,,0,0,0,0,0,0,0
12/27/2014,7,0,0,0,44,54,37,,0,0,0,0,0,0,0
12/28/2014,1,0.05,0,0,47,54,42,,0,0,0,0,0,0,0
12/29/2014,2,0,0,0,43,46,35,,0,0,0,0,0,0,0
12/30/2014,3,0,0,0,34,36,28,,0,0,0,0,0,0,0
12/31/2014,4,0,0,0,30,34,28,,0,0,0,0,0,0,0
01/01/2015,5,0,0,0,33,40,28,3976,0,0,0,0,0,0,0
01/02/2015,6,0,0,0,39,45,35,8678,0,0,0,0,0,0,0
01/03/2015,7,0.94,0,0,36,47,30,3382,1,0,0,0,0,0,0
01/04/2015,1,0.47,0,0,47,55,43,5923,1,1,0,0,0,0,0
01/05/2015,2,0,0,0,43,51,23,11157,0,0,0,0,0,0,0
01/06/2015,3,0.07,1.1,0,22,23,19,6685,1,0,0,0,0,0,0
01/07/2015,4,0,0,1.2,22,25,10,7488,0,0,0,0,0,0,0
01/08/2015,5,0,0,0,14,22,8,6745,0,0,0,0,0,0,0
01/09/2015,6,0.07,1.3,0,26,34,21,6140,1,0,0,0,0,0,1
01/10/2015,7,0,0,1.2,22,24,18,4700,0,0,0,0,0,0,0
01/11/2015,1,0,0,1.2,26,38,20,5700,0,0,0,0,0,0,0
01/12/2015,2,0.7,0,0,36,40,34,6675,1,0,0,0,0,0,0
01/13/2015,3,0,0,0,32,37,19,9834,0,0,0,0,0,0,0
01/14/2015,4,0,0,0,24,33,19,10012,0,0,0,0,0,0,0
01/15/2015,5,0,0,0,31,35,27,10745,0,0,0,0,0,0,0
01/16/2015,6,0,0,0,34,45,20,10516,0,0,0,0,0,0,0
01/17/2015,7,0,0,0,23,32,18,5793,0,0,0,0,0,0,0
01/18/2015,1,1.62,0,0,36,47,27,1305,1,0,0,0,0,0,0
01/19/2015,2,0,0,0,40,45,35,8177,0,0,0,0,0,0,0
01/20/2015,3,0,0,0,39,41,32,12373,0,0,0,0,0,0,0
01/21/2015,4,0,0,0,32,38,26,11605,0,0,0,0,0,0,0
01/22/2015,5,0,0,0,35,41,31,12143,0,0,0,0,0,0,0
01/23/2015,6,0,0,0,33,39,28,12048,0,0,0,0,0,0,0
01/24/2015,7,0.75,3.4,3.1,35,40,33,3662,1,1,0,0,0,0,0
01/25/2015,1,0,0,0,39,45,32,7074,0,0,0,0,0,0,0
01/26/2015,2,0.33,5.1,0,28,32,24,3147,1,0,0,0,0,0,1
01/27/2015,3,0.31,5.6,9.1,25,27,20,886,0,0,0,0,0,0,1
01/28/2015,4,0,0,9.8,24,33,17,4224,0,0,0,0,0,0,0
01/29/2015,5,0.01,0,9.1,25,37,17,6825,0,0,0,0,0,0,0
01/30/2015,6,0.04,0.6,9.1,35,38,19,6897,1,0,0,0,0,0,0
01/31/2015,7,0,0,7.1,21,27,14,3996,0,0,0,0,0,0,0
02/01/2015,1,0.03,0.3,7.1,27,36,21,4836,1,0,0,0,0,0,0
02/02/2015,2,1.18,4.2,7.9,32,35,15,1108,1,1,0,1,1,1,0
02/03/2015,3,0,0,7.9,20,26,14,3735,0,0,0,0,0,0,0
02/04/2015,4,0,0,7.9,31,39,22,6933,0,0,0,0,0,0,0
02/05/2015,5,0,0.1,5.1,33,39,15,7183,0,0,0,0,0,0,0
02/06/2015,6,0,0,5.1,19,27,13,6629,0,0,0,0,0,0,0
02/07/2015,7,0,0,3.9,30,37,25,5298,0,0,0,0,0,0,0
02/08/2015,1,0,0,3.9,37,42,29,5029,1,0,0,0,0,1,0
02/09/2015,2,0.14,0.1,2,28,29,26,4019,0,0,0,1,1,0,0
02/10/2015,3,0,0,2,30,40,26,7816,0,0,0,0,0,0,0
02/11/2015,4,0,0,2,30,35,23,8669,0,0,0,0,0,0,0
02/12/2015,5,0,0,1.2,31,40,18,8617,0,0,0,0,0,0,0
02/13/2015,6,0,0,1.2,19,23,9,5881,0,0,0,0,0,0,0
02/14/2015,7,0.01,0.4,1.2,24,35,16,3531,0,0,0,0,0,0,0
02/15/2015,1,0.01,0.3,1.2,21,27,5,1952,0,0,0,0,0,0,1
02/16/2015,2,0,0,1.2,11,23,5,3022,0,0,0,0,0,0,0
02/17/2015,3,0.19,3.5,3.9,20,27,16,3655,0,0,0,0,0,0,0
02/18/2015,4,0,0,3.1,23,31,15,6953,0,0,0,0,0,0,0
02/19/2015,5,0,0,2,22,27,9,6037,0,0,0,0,0,0,0
02/20/2015,6,0,0,2,11,21,3,4693,0,0,0,0,0,0,0
02/21/2015,7,0.59,4.5,1.2,21,33,11,2351,1,0,0,0,1,0,0
02/22/2015,1,0.2,0.2,5.1,34,43,32,3224,1,0,0,0,1,0,0
02/23/2015,2,0,0,3.1,29,38,9,5712,0,0,0,0,0,0,0
02/24/2015,3,0,0,3.1,13,28,7,5465,0,0,0,0,0,0,0
02/25/2015,4,0,0,2,28,37,19,8170,0,0,0,0,0,0,0
02/26/2015,5,0,0,2,28,32,23,7490,0,0,0,0,0,0,0
02/27/2015,6,0,0,2,25,32,20,7588,0,0,0,0,0,0,0
02/28/2015,7,0,0,1.2,23,31,15,4778,0,0,0,0,0,0,0
03/01/2015,1,0.51,3.1,1.2,26,33,20,2147,1,0,0,1,1,0,0
03/02/2015,2,0,0,3.9,33,39,28,5599,1,0,0,0,0,1,0
03/03/2015,3,0.7,1.2,3.1,29,36,19,5014,1,0,0,1,0,0,0
03/04/2015,4,0.3,0,3.1,37,41,33,5810,1,0,0,0,0,0,0
03/05/2015,5,0.73,5.8,1.2,33,41,21,1265,1,1,0,1,0,1,0
03/06/2015,6,0,0,7.1,20,25,13,4040,0,0,0,0,0,1,0
03/07/2015,7,0,0,5.9,26,37,16,4258,0,0,0,0,0,0,0
03/08/2015,1,0,0,3.9,39,48,30,5966,0,0,0,0,0,0,0
03/09/2015,2,0.02,0,2,42,54,32,11510,0,0,0,0,0,0,0
03/10/2015,3,0.49,0,1.2,42,50,34,9085,1,0,0,0,0,0,0
03/11/2015,4,0.02,0,0,49,62,40,15279,1,0,0,0,0,0,0
03/12/2015,5,0,0,0,47,50,36,13676,0,0,0,0,0,0,0
03/13/2015,6,0,0,0,37,41,30,12506,0,0,0,0,0,0,0
03/14/2015,7,1.11,0,0,43,49,39,2943,1,1,0,0,0,0,0
03/15/2015,1,0,0,0,45,46,37,6772,0,0,0,0,0,0,0
03/16/2015,2,0,0,0,41,50,36,13229,0,0,0,0,0,0,0
03/17/2015,3,0.02,0,0,47,60,34,11605,0,0,0,0,0,0,0
03/18/2015,4,0,0,0,35,41,30,10727,0,0,0,0,0,0,0
03/19/2015,5,0,0,0,35,44,30,12017,0,0,0,0,0,0,0
03/20/2015,6,0.33,3,0,35,40,31,6250,1,0,0,0,0,0,0
03/21/2015,7,0.02,0,3.1,35,48,30,7099,1,0,0,0,0,0,0
03/22/2015,1,0,0,0,41,45,28,7320,0,0,0,0,0,0,0
03/23/2015,2,0,0,0,32,41,24,10614,0,0,0,0,0,0,0
03/24/2015,3,0,0,0,34,43,26,12661,0,0,0,0,0,0,0
03/25/2015,4,0.12,0,0,37,46,30,11393,1,0,0,0,0,0,0
03/26/2015,5,0.25,0,0,45,54,41,11742,1,1,0,0,0,0,0
03/27/2015,6,0.23,0,0,45,47,41,10926,0,0,0,0,0,0,0
03/28/2015,7,0,0,0,39,42,28,808,0,0,0,0,0,0,0
03/29/2015,1,0,0,0,34,46,27,7453,0,0,0,0,0,0,0
03/30/2015,2,0,0,0,42,58,36,14105,0,0,0,0,0,0,0
03/31/2015,3,0.03,0,0,44,48,37,10990,0,0,0,0,0,0,0
04/01/2015,4,0,0,0,42,53,34,15469,0,0,0,0,0,0,0
04/02/2015,5,0,0,0,46,57,33,18778,0,0,0,0,0,0,0
04/03/2015,6,0.11,0,0,50,59,46,11405,1,1,0,0,0,0,0
04/04/2015,7,0,0,0,51,56,44,10818,1,1,0,0,0,0,0
04/05/2015,1,0,0,0,50,65,38,10368,0,0,0,0,0,0,0
04/06/2015,2,0,0,0,49,60,39,17927,0,0,0,0,0,0,0
04/07/2015,3,0.03,0,0,51,57,44,12582,0,0,0,0,0,0,0
04/08/2015,4,0.01,0,0,45,49,36,13653,1,0,0,0,0,1,0
04/09/2015,5,0,0,0,40,44,38,12816,1,0,0,0,0,0,0
04/10/2015,6,0.19,0,0,44,58,40,12529,1,1,0,0,0,1,0
04/11/2015,7,0,0,0,56,61,45,13916,0,0,0,0,0,0,0
04/12/2015,1,0,0,0,51,61,43,14879,0,0,0,0,0,0,0
04/13/2015,2,0,0,0,51,62,43,19195,0,0,0,0,0,0,0
04/14/2015,3,0.04,0,0,56,66,50,17313,0,0,0,0,0,0,0
04/15/2015,4,0,0,0,60,72,50,20837,0,0,0,0,0,0,0
04/16/2015,5,0,0,0,57,60,48,20524,0,0,0,0,0,0,0
04/17/2015,6,0.11,0,0,56,69,52,18455,1,0,0,0,0,0,0
04/18/2015,7,0,0,0,62,73,51,20911,0,0,0,0,0,0,0
04/19/2015,1,0,0,0,56,62,47,16105,0,0,0,0,0,0,0
04/20/2015,2,0.87,0,0,51,58,47,8624,1,1,1,0,0,0,0
04/21/2015,3,0.06,0,0,58,67,50,18913,1,0,1,0,0,0,0
04/22/2015,4,0.19,0,0,55,63,46,16560,0,0,1,0,0,0,0
04/23/2015,5,0,0,0,48,54,42,16788,0,0,0,0,0,0,0
04/24/2015,6,0,0,0,44,52,39,16009,0,0,0,0,0,0,0
04/25/2015,7,0,0,0,46,59,39,15976,0,0,0,0,0,0,0
04/26/2015,1,0,0,0,51,59,43,16087,0,0,0,0,0,0,0
04/27/2015,2,0,0,0,55,63,49,19385,0,0,0,0,0,0,0
04/28/2015,3,0,0,0,58,71,51,22648,0,0,0,0,0,0,0
04/29/2015,4,0,0,0,63,77,50,24091,0,0,0,0,0,0,0
04/30/2015,5,0,0,0,55,63,48,22235,0,0,0,0,0,0,0
05/01/2015,6,0,0,0,51,56,47,20867,0,0,0,0,0,0,0
05/02/2015,7,0,0,0,51,61,43,19084,0,0,0,0,0,0,0
05/03/2015,1,0,0,0,55,67,46,21018,0,0,0,0,0,0,0
05/04/2015,2,0,0,0,61,74,50,24118,0,0,0,0,0,0,0
05/05/2015,3,0,0,0,67,82,55,24999,0,0,0,0,0,0,0
05/06/2015,4,0,0,0,65,70,54,22839,0,0,0,0,0,0,0
05/07/2015,5,0,0,0,62,72,51,26341,1,1,0,0,0,1,0
05/08/2015,6,0,0,0,60,72,53,26042,1,1,0,0,0,0,0
05/09/2015,7,0.02,0,0,61,64,58,18224,1,1,0,0,0,1,0
05/10/2015,1,0,0,0,64,74,58,19837,1,1,0,0,0,1,0
05/11/2015,2,0,0,0,68,77,62,24464,1,1,0,0,0,0,0
05/12/2015,3,0.01,0,0,73,87,65,26623,1,1,0,0,0,1,0
05/13/2015,4,0,0,0,67,73,55,25427,0,0,0,0,0,0,0
05/14/2015,5,0,0,0,60,71,51,31101,0,0,0,0,0,0,0
05/15/2015,6,0,0,0,61,71,53,26897,0,0,0,0,0,0,0
05/16/2015,7,0.41,0,0,62,70,58,18271,1,0,1,0,0,1,0
05/17/2015,1,0,0,0,69,81,61,23299,1,1,0,0,0,1,0
05/18/2015,2,0,0,0,63,68,57,24363,1,0,0,0,0,1,0
05/19/2015,3,0,0,0,62,75,57,26113,1,1,0,0,0,1,0
05/20/2015,4,0,0,0,63,69,54,26035,0,0,0,0,0,0,0
05/21/2015,5,0,0,0,56,62,52,24110,0,0,0,0,0,0,0
05/22/2015,6,0,0,0,63,79,54,24448,0,0,0,0,0,0,0
05/23/2015,7,0,0,0,60,68,51,18074,0,0,0,0,0,0,0
05/24/2015,1,0,0,0,62,74,53,18914,0,0,0,0,0,0,0
05/25/2015,2,0,0,0,66,77,57,21508,0,0,0,0,0,0,0
05/26/2015,3,0,0,0,68,76,60,27587,0,0,0,0,0,0,0
05/27/2015,4,0,0,0,66,74,61,25812,0,0,0,0,0,0,0
05/28/2015,5,0,0,0,65,78,60,27764,1,0,0,0,0,1,0
05/29/2015,6,0,0,0,71,80,63,29015,0,0,0,0,0,0,0
05/30/2015,7,0,0,0,69,78,62,23743,1,0,0,0,0,1,0
05/31/2015,1,0.02,0,0,69,79,63,14645,0,0,1,0,0,0,0
06/01/2015,2,0.78,0,0,62,63,52,11617,1,0,0,0,0,1,0
06/02/2015,3,0.34,0,0,53,56,51,9179,1,0,0,0,0,0,0
06/03/2015,4,0,0,0,58,68,53,26788,0,0,0,0,0,0,0
06/04/2015,5,0,0,0,59,67,55,25192,0,0,0,0,0,0,0
06/05/2015,6,0,0,0,60,69,57,24083,0,0,0,0,0,0,0
06/06/2015,7,0.2,0,0,66,79,59,20084,1,0,0,0,0,0,0
06/07/2015,1,0,0,0,64,71,56,23223,0,0,0,0,0,0,0
06/08/2015,2,0.02,0,0,66,73,61,25748,0,0,0,0,0,0,0
06/09/2015,3,0,0,0,70,85,64,27243,1,0,0,0,0,0,0
06/10/2015,4,0,0,0,74,79,65,30304,0,0,0,0,0,0,0
06/11/2015,5,0,0,0,75,87,66,28888,0,0,0,0,0,1,0
06/12/2015,6,0,0,0,78,85,71,27047,0,0,0,0,0,0,0
06/13/2015,7,0,0,0,80,88,67,22906,0,0,0,0,0,0,0
06/14/2015,1,0.31,0,0,75,86,66,21317,0,0,0,0,0,0,0
06/15/2015,2,1.09,0,0,72,81,66,19207,1,0,1,0,0,1,0
06/16/2015,3,0.08,0,0,69,79,66,24743,1,0,0,0,0,1,0
06/17/2015,4,0,0,0,74,81,66,29291,0,0,0,0,0,0,0
06/18/2015,5,0,0,0,67,71,65,27196,0,0,0,0,0,0,0
06/19/2015,6,0,0,0,74,89,67,28566,0,0,0,0,0,0,0
06/20/2015,7,0.32,0,0,72,75,67,18260,1,0,0,0,0,1,0
06/21/2015,1,0.51,0,0,77,90,71,19515,1,0,0,0,0,1,0
06/22/2015,2,0,0,0,82,89,74,28867,0,0,0,0,0,0,0
06/23/2015,3,0.02,0,0,79,89,72,24590,0,0,1,0,0,0,0
06/24/2015,4,0,0,0,79,86,69,31520,0,0,0,0,0,0,0
06/25/2015,5,0,0,0,76,82,67,30477,0,0,0,0,0,0,0
06/26/2015,6,0,0,0,74,81,69,29662,0,0,0,0,0,0,0
06/27/2015,7,1.02,0,0,68,71,62,11771,1,0,0,0,0,0,0
06/28/2015,1,0.3,0,0,67,76,64,15623,1,0,0,0,0,0,0
06/29/2015,2,0,0,0,72,79,64,29382,0,0,0,0,0,0,0
06/30/2015,3,0,0,0,73,81,66,29293,0,0,0,0,0,0,0
07/01/2015,4,0.26,0,0,76,85,71,28770,1,0,1,0,0,0,0
07/02/2015,5,0.03,0,0,77,80,69,27341,0,0,0,0,0,0,0
07/03/2015,6,0,0,0,73,82,65,20568,0,0,0,0,0,0,0
07/04/2015,7,0.01,0,0,73,80,67,16337,0,0,0,0,0,0,0
07/05/2015,1,0,0,0,74,81,67,19862,0,0,0,0,0,0,0
07/06/2015,2,0,0,0,75,83,69,27093,0,0,0,0,0,0,0
07/07/2015,3,0,0,0,78,84,74,28306,1,1,0,0,0,1,0
07/08/2015,4,0.53,0,0,80,89,74,26943,0,0,0,0,0,1,0
07/09/2015,5,0.32,0,0,75,77,72,24599,1,0,1,0,0,0,0
07/10/2015,6,0,0,0,77,86,73,29794,0,0,0,0,0,0,0
07/11/2015,7,0,0,0,78,86,70,24588,0,0,0,0,0,0,0
07/12/2015,1,0,0,0,78,86,71,23795,0,0,0,0,0,0,0
07/13/2015,2,0,0,0,77,84,72,29768,0,0,0,0,0,0,0
07/14/2015,3,0.13,0,0,76,80,73,27610,1,0,0,0,0,0,0
07/15/2015,4,0.04,0,0,77,82,73,26883,1,0,1,0,0,1,0
07/16/2015,5,0,0,0,73,79,66,32919,0,0,0,0,0,0,0
07/17/2015,6,0,0,0,72,80,67,30700,0,0,0,0,0,0,0
07/18/2015,7,0.02,0,0,76,83,73,22234,0,0,1,0,0,0,0
07/19/2015,1,0,0,0,80,89,75,21929,1,0,0,0,0,0,0
07/20/2015,2,0,0,0,85,95,79,27015,0,0,0,0,0,0,0
07/21/2015,3,0,0,0,84,89,76,29770,0,0,0,0,0,0,0
07/22/2015,4,0,0,0,80,89,72,33136,0,0,0,0,0,0,0
07/23/2015,5,0,0,0,79,88,70,32742,0,0,0,0,0,0,0
07/24/2015,6,0,0,0,78,87,68,31176,0,0,0,0,0,0,0
07/25/2015,7,0,0,0,78,84,70,24361,0,0,0,0,0,0,0
07/26/2015,1,0,0,0,79,87,71,23499,0,0,0,0,0,0,0
07/27/2015,2,0,0,0,78,85,75,30012,0,0,0,0,0,0,0
07/28/2015,3,0,0,0,80,89,73,31351,0,0,0,0,0,0,0
07/29/2015,4,0,0,0,84,95,74,30591,1,0,0,0,0,1,0
07/30/2015,5,0.97,0,0,79,85,76,24086,1,0,1,0,0,1,0
07/31/2015,6,0,0,0,81,93,73,29818,0,0,0,0,0,0,0
08/01/2015,7,0,0,0,82,91,74,27081,0,0,0,0,0,0,0
08/02/2015,1,0,0,0,81,87,70,24216,0,0,0,0,0,0,0
08/03/2015,2,0,0,0,79,89,71,29986,0,0,0,0,0,0,0
08/04/2015,3,0.01,0,0,81,92,70,31501,0,0,1,0,0,0,0
08/05/2015,4,0,0,0,82,91,71,31610,0,0,0,0,0,0,0
08/06/2015,5,0,0,0,78,86,69,32496,0,0,0,0,0,0,0
08/07/2015,6,0,0,0,77,86,69,31724,0,0,0,0,0,0,0
08/08/2015,7,0,0,0,75,83,67,29406,0,0,0,0,0,0,0
08/09/2015,1,0,0,0,75,87,66,24901,0,0,0,0,0,0,0
08/10/2015,2,0,0,0,75,81,68,30718,0,0,0,0,0,0,0
08/11/2015,3,1.13,0,0,76,81,72,19561,1,0,0,0,0,1,0
08/12/2015,4,0,0,0,79,88,73,33020,0,0,0,0,0,0,0
08/13/2015,5,0,0,0,77,87,69,32519,0,0,0,0,0,0,0
08/14/2015,6,0,0,0,77,86,66,30677,0,0,0,0,0,0,0
08/15/2015,7,0,0,0,78,88,70,28175,0,0,0,0,0,0,0
08/16/2015,1,0,0,0,80,90,74,22938,0,0,1,0,0,0,0
08/17/2015,2,0,0,0,80,91,74,28700,0,0,0,0,0,0,0
08/18/2015,3,0,0,0,80,86,75,30506,0,0,0,0,0,0,0
08/19/2015,4,0,0,0,80,86,76,31108,0,0,0,0,0,0,0
08/20/2015,5,0,0,0,81,87,77,29673,0,0,0,0,0,0,0
08/21/2015,6,2.48,0,0,79,87,73,28898,1,0,1,0,0,0,0
08/22/2015,7,0,0,0,78,86,70,24599,0,0,0,0,0,0,0
08/23/2015,1,0,0,0,76,83,69,23617,0,0,0,0,0,0,0
08/24/2015,2,0,0,0,77,84,71,29301,0,0,0,0,0,0,0
08/25/2015,3,0.01,0,0,79,85,75,31088,0,0,0,0,0,0,0
08/26/2015,4,0,0,0,77,84,68,31936,0,0,0,0,0,0,0
08/27/2015,5,0,0,0,76,83,68,32383,0,0,0,0,0,0,0
08/28/2015,6,0,0,0,73,82,64,30904,0,0,0,0,0,0,0
08/29/2015,7,0,0,0,76,84,68,24302,0,0,0,0,0,0,0
08/30/2015,1,0,0,0,77,84,69,23147,0,0,0,0,0,0,0
08/31/2015,2,0,0,0,81,91,75,29824,0,0,0,0,0,0,0
09/01/2015,3,0,0,0,81,87,73,32022,0,0,0,0,0,0,0
09/02/2015,4,0,0,0,78,86,71,31782,1,0,0,0,0,1,0
09/03/2015,5,0,0,0,81,93,73,31284,0,0,0,0,0,0,0
09/04/2015,6,0,0,0,78,85,70,28711,0,0,0,0,0,1,0
09/05/2015,7,0,0,0,72,81,63,22693,0,0,0,0,0,0,0
09/06/2015,1,0,0,0,71,80,62,22386,0,0,0,0,0,0,0
09/07/2015,2,0,0,0,76,86,70,22713,0,0,0,0,0,0,0
09/08/2015,3,0,0,0,80,91,73,30853,0,0,0,0,0,0,0
09/09/2015,4,0.07,0,0,79,87,75,31634,1,0,1,0,0,0,0
09/10/2015,5,1.18,0,0,76,79,71,16001,1,0,1,0,0,0,0
09/11/2015,6,0.03,0,0,73,82,66,33698,1,0,0,0,0,0,0
09/12/2015,7,0.27,0,0,74,80,68,22603,1,0,0,0,0,1,0
09/13/2015,1,0.04,0,0,72,79,62,23016,0,0,0,0,0,0,0
09/14/2015,2,0,0,0,68,78,60,31648,0,0,0,0,0,0,0
09/15/2015,3,0,0,0,72,80,62,34168,0,0,0,0,0,1,0
09/16/2015,4,0,0,0,74,84,62,35919,0,0,0,0,0,0,0
09/17/2015,5,0,0,0,74,84,64,35279,0,0,0,0,0,1,0
09/18/2015,6,0,0,0,74,83,65,34788,0,0,0,0,0,0,0
09/19/2015,7,0,0,0,73,80,68,27534,1,0,0,0,0,1,0
09/20/2015,1,0,0,0,74,80,64,25709,0,0,0,0,0,0,0
09/21/2015,2,0,0,0,66,72,59,32467,0,0,0,0,0,0,0
09/22/2015,3,0,0,0,67,73,63,33629,0,0,0,0,0,0,0
09/23/2015,4,0,0,0,68,80,58,33356,0,0,0,0,0,0,0
09/24/2015,5,0,0,0,69,83,59,36235,0,0,0,0,0,0,0
09/25/2015,6,0,0,0,68,75,63,35000,0,0,0,0,0,0,0
09/26/2015,7,0,0,0,66,73,59,27286,0,0,0,0,0,0,0
09/27/2015,1,0,0,0,63,72,56,24521,0,0,0,0,0,0,0
09/28/2015,2,0.04,0,0,68,79,61,33022,1,1,0,0,0,0,0
09/29/2015,3,0.13,0,0,73,80,69,33591,1,0,0,0,0,1,0
09/30/2015,4,0.82,0,0,73,78,60,27396,1,0,0,0,0,0,0
10/01/2015,5,0.08,0,0,60,61,56,23563,0,0,0,0,0,0,0
10/02/2015,6,1.81,0,0,54,57,50,6536,1,0,0,0,0,0,0
10/03/2015,7,0.16,0,0,53,57,51,11002,1,0,0,0,0,0,0
10/04/2015,1,0,0,0,58,66,54,19674,0,0,0,0,0,0,0
10/05/2015,2,0,0,0,58,67,53,30476,0,0,0,0,0,0,0
10/06/2015,3,0,0,0,61,74,51,33959,0,0,0,0,0,0,0
10/07/2015,4,0,0,0,64,71,57,34407,0,0,0,0,0,0,0
10/08/2015,5,0,0,0,64,70,55,34079,0,0,0,0,0,0,0
10/09/2015,6,0.28,0,0,66,74,61,24860,1,0,1,0,0,0,0
10/10/2015,7,0,0,0,61,66,52,25194,0,0,0,0,0,0,0
10/11/2015,1,0,0,0,58,68,50,24156,0,0,0,0,0,0,0
10/12/2015,2,0,0,0,62,72,53,30461,0,0,0,0,0,0,0
10/13/2015,3,0,0,0,66,74,60,33236,0,0,0,0,0,0,0
10/14/2015,4,0,0,0,65,70,58,34022,0,0,0,0,0,0,0
10/15/2015,5,0,0,0,59,65,52,33153,0,0,0,0,0,0,0
10/16/2015,6,0,0,0,60,66,54,31583,0,0,0,0,0,0,0
10/17/2015,7,0,0,0,54,58,43,20413,0,0,0,0,0,0,0
10/18/2015,1,0,0,0,45,53,38,15270,0,0,0,0,0,0,0
10/19/2015,2,0,0,0,43,52,36,24777,0,0,0,0,0,0,0
10/20/2015,3,0,0,0,56,70,49,30417,0,0,0,0,0,0,0
10/21/2015,4,0,0,0,61,71,52,32545,0,0,0,0,0,0,0
10/22/2015,5,0,0,0,61,70,53,33461,0,0,0,0,0,0,0
10/23/2015,6,0,0,0,60,66,44,30039,0,0,0,0,0,0,0
10/24/2015,7,0,0,0,49,59,42,20623,0,0,0,0,0,0,0
10/25/2015,1,0.02,0,0,61,70,49,18850,0,0,0,0,0,0,0
10/26/2015,2,0,0,0,53,60,45,28546,0,0,0,0,0,0,0
10/27/2015,3,0,0,0,51,59,42,30136,0,0,0,0,0,0,0
10/28/2015,4,1.79,0,0,57,68,52,13963,1,0,0,0,0,0,0
10/29/2015,5,0.06,0,0,67,74,59,31428,1,0,0,0,0,0,0
10/30/2015,6,0,0,0,58,63,47,30430,0,0,0,0,0,0,0
10/31/2015,7,0,0,0,49,55,40,20359,0,0,0,0,0,0,0
11/01/2015,1,0,0,0,58,64,54,19366,0,0,0,0,0,0,0
11/02/2015,2,0,0,0,59,65,51,30158,0,0,0,0,0,0,0
11/03/2015,3,0,0,0,56,70,45,33248,1,0,0,0,0,0,0
11/04/2015,4,0,0,0,60,69,50,33310,1,0,0,0,0,0,0
11/05/2015,5,0.01,0,0,60,69,53,29211,1,1,0,0,0,0,0
11/06/2015,6,0,0,0,65,75,62,31759,1,1,0,0,0,1,0
11/07/2015,7,0,0,0,65,70,55,22784,0,0,0,0,0,0,0
11/08/2015,1,0,0,0,54,60,43,20527,0,0,0,0,0,0,0
11/09/2015,2,0,0,0,50,59,39,28857,0,0,0,0,0,0,0
11/10/2015,3,0.45,0,0,57,59,53,14864,1,0,0,0,0,0,0
11/11/2015,4,0.09,0,0,54,59,50,25834,1,0,0,0,0,0,0
11/12/2015,5,0.05,0,0,56,60,52,25423,1,0,0,0,0,0,0
11/13/2015,6,0,0,0,57,61,48,26337,0,0,0,0,0,0,0
11/14/2015,7,0,0,0,49,51,42,16282,0,0,0,0,0,0,0
11/15/2015,1,0,0,0,48,59,40,16520,0,0,0,0,0,0,0
11/16/2015,2,0,0,0,56,69,45,27907,0,0,0,0,0,0,0
11/17/2015,3,0,0,0,50,53,40,26477,0,0,0,0,0,0,0
11/18/2015,4,0,0,0,50,60,43,28381,0,0,0,0,0,0,0
11/19/2015,5,0.58,0,0,60,63,58,14527,1,0,0,0,0,0,0
11/20/2015,6,0,0,0,59,63,45,26573,1,0,0,0,0,0,0
11/21/2015,7,0,0,0,48,55,42,18356,0,0,0,0,0,0,0
11/22/2015,1,0,0,0,53,58,44,14963,0,0,0,0,0,0,0
11/23/2015,2,0,0,0,42,46,35,20571,0,0,0,0,0,0,0
11/24/2015,3,0,0,0,39,48,31,22176,0,0,0,0,0,0,0
11/25/2015,4,0,0,0,42,51,32,20535,0,0,0,0,0,0,0
11/26/2015,5,0,0,0,46,60,35,8605,1,0,0,0,0,0,0
11/27/2015,6,0,0,0,54,63,43,14939,1,0,0,0,0,0,0
11/28/2015,7,0.02,0,0,55,65,46,10281,0,0,0,0,0,0,0
11/29/2015,1,0,0,0,44,50,38,11733,0,0,0,0,0,0,0
11/30/2015,2,0,0,0,41,50,34,20803,0,0,0,0,0,0,0
12/01/2015,3,0.29,0,0,48,53,46,12720,1,0,0,0,0,0,0
12/02/2015,4,0.12,0,0,50,57,47,16493,1,1,0,0,0,0,0
12/03/2015,5,0,0,0,52,56,45,23459,0,0,0,0,0,0,0
12/04/2015,6,0,0,0,47,53,41,23845,0,0,0,0,0,0,0
12/05/2015,7,0,0,0,45,53,35,16973,0,0,0,0,0,0,0
12/06/2015,1,0,0,0,45,51,38,16031,0,0,0,0,0,0,0
12/07/2015,2,0,0,0,47,55,40,23507,0,0,0,0,0,1,0
12/08/2015,3,0,0,0,46,51,40,24393,0,0,0,0,0,0,0
12/09/2015,4,0,0,0,44,55,34,24302,0,0,0,0,0,0,0
12/10/2015,5,0,0,0,54,59,48,26780,1,0,0,0,0,1,0
12/11/2015,6,0,0,0,52,58,46,26574,1,1,0,0,0,1,0
12/12/2015,7,0,0,0,56,64,49,20712,1,0,0,0,0,0,0
12/13/2015,1,0,0,0,58,70,53,20547,1,0,0,0,0,1,0
12/14/2015,2,0.36,0,0,55,61,53,22232,1,1,0,0,0,0,0
12/15/2015,3,0.09,0,0,60,64,53,26735,1,1,0,0,0,0,0
12/16/2015,4,0.05,0,0,51,53,45,24536,1,0,0,0,0,0,0
12/17/2015,5,1.17,0,0,54,59,50,15029,1,0,0,0,0,0,0
12/18/2015,6,0.01,0,0,52,58,39,21347,0,0,0,0,0,0,0
12/19/2015,7,0,0,0,39,41,36,11683,0,0,0,0,0,0,0
12/20/2015,1,0,0,0,40,44,35,11072,0,0,0,0,0,0,0
12/21/2015,2,0,0,0,46,55,38,20464,0,0,0,0,0,0,0
12/22/2015,3,0.19,0,0,54,60,52,15821,1,1,0,0,0,0,0
12/23/2015,4,1.16,0,0,54,63,48,10037,1,1,0,0,0,0,0
12/24/2015,5,0.02,0,0,62,69,57,12289,1,1,0,0,0,0,0
12/25/2015,6,0.1,0,0,59,64,52,7713,1,1,0,0,0,0,0
12/26/2015,7,0.01,0,0,56,60,49,8990,1,0,0,0,0,1,0
12/27/2015,1,0.08,0,0,54,63,48,8349,1,1,0,0,0,0,0
12/28/2015,2,0.05,0.1,0,45,48,35,12547,1,0,0,1,0,0,0
12/29/2015,3,0.66,0,0,42,49,34,9107,1,0,0,0,0,0,0
12/30/2015,4,0.37,0,0,43,51,41,14755,1,0,0,0,0,0,0
12/31/2015,5,0.06,0,0,48,52,43,13185,1,0,0,0,0,0,0
01/01/2016,6,0,0,0,42,44,36,6893,0,0,0,0,0,0,0
01/02/2016,7,0,0,0,38,41,34,9166,0,0,0,0,0,0,0
01/03/2016,1,0,0,0,40,48,35,9738,0,0,0,0,0,0,0
01/04/2016,2,0,0,0,34,38,15,13476,0,0,0,0,0,0,0
01/05/2016,3,0,0,0,19,29,12,12499,0,0,0,0,0,0,0
01/06/2016,4,0,0,0,29,40,21,16960,0,0,0,0,0,0,0
01/07/2016,5,0,0,0,37,46,27,19165,0,0,0,0,0,0,0
01/08/2016,6,0,0,0,40,47,32,19833,0,0,0,0,0,0,0
01/09/2016,7,0.02,0,0,45,53,40,13686,0,0,0,0,0,0,0
01/10/2016,1,1.28,0,0,52,58,41,9302,1,1,0,0,0,0,0
01/11/2016,2,0,0,0,38,41,26,15797,0,0,0,0,0,0,0
01/12/2016,3,0,0,0,33,45,22,17516,0,0,0,0,0,0,0
01/13/2016,4,0,0,0,29,31,24,14664,0,0,0,0,0,0,0
01/14/2016,5,0,0,0,29,39,24,16547,0,0,0,0,0,0,0
01/15/2016,6,0,0,0,40,51,31,19546,0,0,0,0,0,0,0
01/16/2016,7,0.33,0,0,48,54,43,12443,1,0,0,0,0,0,0
01/17/2016,1,0.05,0.6,0,39,43,31,7811,1,0,0,0,0,0,0
01/18/2016,2,0,0.1,1.2,29,33,20,8472,0,0,0,0,0,0,0
01/19/2016,3,0,0,0,23,31,18,11905,0,0,0,0,0,0,0
01/20/2016,4,0,0,0,32,40,28,16131,0,0,0,0,0,0,0
01/21/2016,5,0,0,0,33,39,27,16472,0,0,0,0,0,0,0
01/22/2016,6,0.01,0.2,0,27,30,21,14527,0,0,0,0,0,0,0
01/23/2016,7,2.9,30.3,7.1,29,31,26,,1,1,0,0,0,0,1
01/24/2016,1,0,0.1,28,27,35,19,,0,0,0,0,0,1,1
01/25/2016,2,0,0,26,31,39,20,,0,0,0,0,0,0,0
01/26/2016,3,0,0,22,39,45,35,,0,0,0,0,0,0,0
01/27/2016,4,0,0,15,43,45,31,4738,0,0,0,0,0,0,0
01/28/2016,5,0,0,11,35,42,25,8433,0,0,0,0,0,0,0
01/29/2016,6,0,0,9.1,38,42,31,11258,0,0,0,0,0,0,0
01/30/2016,7,0,0,7.1,33,39,28,8760,0,0,0,0,0,0,0
01/31/2016,1,0,0,5.1,40,48,33,10631,0,0,0,0,0,0,0
02/01/2016,2,0,0,2,48,60,40,16753,0,0,0,0,0,0,0
02/02/2016,3,0,0,0,44,52,36,19601,0,0,0,0,0,0,0
02/03/2016,4,0.44,0,0,47,56,39,11104,1,0,0,0,0,0,0
02/04/2016,5,0.04,0,0,53,55,43,19293,1,1,0,0,0,0,0
02/05/2016,6,0.76,4.6,1.2,39,43,32,9665,1,1,0,1,0,0,0
02/06/2016,7,0,0,3.9,33,38,23,11109,0,0,0,0,0,0,0
02/07/2016,1,0,0,2,37,45,29,11407,0,0,0,0,0,0,0
02/08/2016,2,0.16,1.7,1.2,36,39,28,12957,1,0,0,0,0,0,0
02/09/2016,3,0,0,2,30,37,26,15749,0,0,0,0,0,0,0
02/10/2016,4,0.02,0.1,1.2,35,40,32,15598,1,0,0,0,0,1,0
02/11/2016,5,0,0,0,28,32,20,13006,0,0,0,0,0,0,0
02/12/2016,6,0,0,0,22,26,17,11455,0,0,0,0,0,0,0
02/13/2016,7,0,0,0,22,25,7,4342,0,0,0,0,0,0,0
02/14/2016,1,0,0,0,8,17,1,3069,0,0,0,0,0,0,0
02/15/2016,2,0.64,1.7,0,19,44,13,3967,1,0,0,1,0,0,0
02/16/2016,3,0.47,0,0,46,54,39,10251,1,0,0,0,0,0,0
02/17/2016,4,0,0,0,40,41,36,16303,0,0,0,0,0,0,0
02/18/2016,5,0,0,0,35,37,27,15438,0,0,0,0,0,0,0
02/19/2016,6,0,0,0,30,41,24,15173,0,0,0,0,0,0,0
02/20/2016,7,0,0,0,46,59,40,15859,0,0,0,0,0,0,0
02/21/2016,1,0.08,0,0,49,58,39,12785,0,0,0,0,0,0,0
02/22/2016,2,0,0,0,45,50,35,19459,0,0,0,0,0,0,0
02/23/2016,3,0.29,0,0,39,43,36,11030,1,0,0,0,0,0,0
02/24/2016,4,1.05,0,0,44,58,38,6877,1,1,0,0,0,0,0
02/25/2016,5,0.04,0,0,50,59,38,17704,1,1,0,0,0,0,0
02/26/2016,6,0,0,0,38,40,29,15867,0,0,0,0,0,0,0
02/27/2016,7,0,0,0,33,40,28,11403,0,0,0,0,0,0,0
02/28/2016,1,0,0,0,43,58,35,16213,0,0,0,0,0,0,0
02/29/2016,2,0.06,0,0,48,62,42,19517,0,0,0,0,0,0,0
03/01/2016,3,0,0,0,46,53,41,21057,0,0,0,0,0,0,0
03/02/2016,4,0.16,0,0,47,53,30,18136,1,0,0,0,0,0,0
03/03/2016,5,0,0,0,32,37,27,16750,0,0,0,0,0,0,0
03/04/2016,6,0.13,1.4,1.2,33,39,30,12364,1,0,0,0,0,0,0
03/05/2016,7,0,0,0,35,42,29,11855,0,0,0,0,0,0,0
03/06/2016,1,0,0,0,37,45,31,12113,0,0,0,0,0,0,0
03/07/2016,2,0,0,0,42,53,35,21680,0,0,0,0,0,0,0
03/08/2016,3,0,0,0,51,61,40,25016,0,0,0,0,0,0,0
03/09/2016,4,0,0,0,50,62,41,28514,1,0,0,0,0,1,0
03/10/2016,5,0,0,0,59,70,53,28897,0,0,0,0,0,0,0
03/11/2016,6,0.02,0,0,61,68,50,26096,0,0,0,0,0,0,0
03/12/2016,7,0,0,0,49,54,40,21042,0,0,0,0,0,0,0
03/13/2016,1,0,0,0,55,63,47,17445,0,0,0,0,0,0,0
03/14/2016,2,0.47,0,0,48,51,43,7537,1,0,0,0,0,0,0
03/15/2016,3,0,0,0,49,57,45,21598,1,0,0,0,0,0,0
03/16/2016,4,0.01,0,0,50,58,42,24411,1,0,1,0,0,0,0
03/17/2016,5,0,0,0,51,63,44,24285,0,0,0,0,0,1,0
03/18/2016,6,0,0,0,52,61,44,24041,0,0,0,0,0,0,0
03/19/2016,7,0,0,0,44,47,36,15757,0,0,0,0,0,0,0
03/20/2016,1,0.03,0.1,0,40,45,34,10833,1,0,0,0,0,0,0
03/21/2016,2,0.09,0.4,1.2,40,51,33,18316,1,0,0,0,0,0,0
03/22/2016,3,0,0,0,43,53,36,23171,0,0,0,0,0,0,0
03/23/2016,4,0,0,0,55,72,45,28282,0,0,0,0,0,0,0
03/24/2016,5,0,0,0,49,56,45,24962,1,0,0,0,0,1,0
03/25/2016,6,0,0,0,52,68,45,23274,1,0,0,0,0,1,0
03/26/2016,7,0,0,0,47,52,38,17583,0,0,0,0,0,0,0
03/27/2016,1,0,0,0,44,49,40,14115,0,0,0,0,0,0,0
03/28/2016,2,0.48,0,0,49,64,43,14166,1,0,0,0,0,1,0
03/29/2016,3,0,0,0,51,55,40,21644,0,0,0,0,0,1,0
03/30/2016,4,0,0,0,44,49,36,23136,0,0,0,0,0,0,0
03/31/2016,5,0,0,0,53,65,46,26607,1,0,0,0,0,1,0
04/01/2016,6,0.02,0,0,56,66,52,23547,1,1,0,0,0,0,0
04/02/2016,7,0.27,0,0,53,60,47,14320,1,0,1,0,0,0,0
04/03/2016,1,0.1,0,0,42,49,36,10036,1,0,1,0,0,0,0
04/04/2016,2,0.32,0,0,42,49,31,8423,1,0,0,0,0,0,0
04/05/2016,3,0,0,0,34,43,26,18111,0,0,0,0,0,0,0
04/06/2016,4,0,0,0,37,48,27,20109,0,0,0,0,0,0,0
04/07/2016,5,0.06,0,0,51,59,48,20910,1,0,0,0,0,1,0
04/08/2016,6,0,0,0,48,50,39,20985,0,0,0,0,0,0,0
04/09/2016,7,0.09,0,0,40,45,33,8382,1,0,0,0,0,0,0
04/10/2016,1,0,0,0,40,49,31,14839,0,0,0,0,0,0,0
04/11/2016,2,0,0,0,48,55,44,21932,0,0,0,0,0,0,0
04/12/2016,3,0.17,0,0,52,60,43,16456,1,0,0,0,0,0,0
04/13/2016,4,0,0,0,47,55,37,25296,0,0,0,0,0,0,0
04/14/2016,5,0,0,0,47,57,38,26127,0,0,0,0,0,0,0
04/15/2016,6,0,0,0,48,58,38,27132,0,0,0,0,0,0,0
04/16/2016,7,0,0,0,50,67,39,22879,0,0,0,0,0,0,0
04/17/2016,1,0,0,0,53,69,43,24070,0,0,0,0,0,0,0
04/18/2016,2,0,0,0,60,78,45,30052,0,0,0,0,0,0,0
04/19/2016,3,0,0,0,63,72,52,31493,0,0,0,0,0,0,0
04/20/2016,4,0,0,0,58,67,48,30590,0,0,0,0,0,0,0
04/21/2016,5,0,0,0,54,64,47,31229,0,0,0,0,0,0,0
04/22/2016,6,0.02,0,0,61,71,53,32775,1,0,0,0,0,0,0
04/23/2016,7,0.12,0,0,64,71,54,21330,1,0,0,0,0,0,0
04/24/2016,1,0,0,0,56,64,47,23499,0,0,0,0,0,0,0
04/25/2016,2,0,0,0,55,62,47,28716,0,0,0,0,0,0,0
04/26/2016,3,0.04,0,0,56,65,47,23724,1,0,1,0,0,0,0
04/27/2016,4,0,0,0,50,54,46,28708,0,0,0,0,0,0,0
04/28/2016,5,0,0,0,52,59,47,25288,0,0,0,0,0,0,0
04/29/2016,6,0.03,0,0,51,57,47,23748,0,0,0,0,0,0,0
04/30/2016,7,0,0,0,51,60,47,24224,0,0,0,0,0,0,0
05/01/2016,1,0.22,0,0,49,50,45,6994,1,0,0,0,0,0,0
05/02/2016,2,0.05,0,0,49,56,46,26430,1,0,0,0,0,0,0
05/03/2016,3,0.75,0,0,53,54,50,15917,1,0,0,0,0,0,0
05/04/2016,4,0.07,0,0,51,53,49,21575,1,0,0,0,0,0,0
05/05/2016,5,0,0,0,51,57,47,27298,0,0,0,0,0,0,0
05/06/2016,6,0.68,0,0,51,53,48,13026,1,0,0,0,0,0,0
05/07/2016,7,0,0,0,51,56,48,19611,1,1,0,0,0,0,0
05/08/2016,1,0.11,0,0,54,68,48,19985,1,1,0,0,0,1,0
05/09/2016,2,0,0,0,61,73,47,31422,0,0,0,0,0,0,0
05/10/2016,3,0,0,0,57,61,48,30589,0,0,0,0,0,0,0
05/11/2016,4,0,0,0,60,71,48,35036,0,0,0,0,0,0,0
05/12/2016,5,0,0,0,62,75,51,35735,0,0,0,0,0,0,0
05/13/2016,6,0.25,0,0,57,65,52,21497,1,0,0,0,0,0,0
05/14/2016,7,0,0,0,63,70,56,26717,1,0,0,0,0,1,0
05/15/2016,1,0,0,0,56,60,47,18303,0,0,0,0,0,0,0
05/16/2016,2,0,0,0,53,68,44,29284,0,0,0,0,0,0,0
05/17/2016,3,0,0,0,59,64,53,29457,0,0,0,0,0,0,0
05/18/2016,4,0.02,0,0,57,66,52,30262,0,0,0,0,0,0,0
05/19/2016,5,0,0,0,57,64,53,33574,0,0,0,0,0,0,0
05/20/2016,6,0,0,0,61,75,49,35206,0,0,0,0,0,0,0
05/21/2016,7,0.1,0,0,58,62,50,19491,1,0,0,0,0,0,0
05/22/2016,1,0.06,0,0,59,70,54,23825,0,0,0,0,0,0,0
05/23/2016,2,0,0,0,61,70,52,33184,0,0,0,0,0,0,0
05/24/2016,3,0.34,0,0,65,77,60,24188,1,0,0,0,0,0,0
05/25/2016,4,0,0,0,71,87,57,35987,0,0,0,0,0,0,0
05/26/2016,5,0,0,0,74,84,62,35383,0,0,0,0,0,0,0
05/27/2016,6,0,0,0,69,77,63,31329,1,0,0,0,0,0,0
05/28/2016,7,0,0,0,71,79,64,21348,0,0,0,0,0,0,0
05/29/2016,1,0.01,0,0,70,78,64,22694,1,0,0,0,0,1,0
05/30/2016,2,1.05,0,0,68,77,64,20372,1,0,0,0,0,0,0
05/31/2016,3,0,0,0,70,79,66,33900,1,0,0,0,0,0,0
06/01/2016,4,0,0,0,73,85,64,37187,0,0,0,0,0,0,0
06/02/2016,5,0,0,0,66,72,61,36822,1,0,0,0,0,0,0
06/03/2016,6,0.01,0,0,65,67,63,26545,0,0,0,0,0,0,0
06/04/2016,7,0,0,0,69,78,63,25154,0,0,0,0,0,0,0
06/05/2016,1,0.67,0,0,68,71,66,14148,1,1,0,0,0,0,0
06/06/2016,2,0,0,0,73,84,67,35304,1,0,0,0,0,0,0
06/07/2016,3,0,0,0,75,84,66,34887,0,0,0,0,0,0,0
06/08/2016,4,0.66,0,0,65,70,54,28565,1,0,1,0,0,0,0
06/09/2016,5,0,0,0,64,74,55,35969,0,0,0,0,0,0,0
06/10/2016,6,0,0,0,68,79,59,35841,0,0,0,0,0,0,0
06/11/2016,7,0,0,0,70,87,58,25959,0,0,0,0,0,0,0
06/12/2016,1,0,0,0,81,87,63,25776,0,0,0,0,0,0,0
06/13/2016,2,0,0,0,67,77,58,33727,0,0,0,0,0,0,0
06/14/2016,3,0,0,0,70,82,60,37470,0,0,0,0,0,0,0
06/15/2016,4,0,0,0,73,83,62,37307,0,0,0,0,0,0,0
06/16/2016,5,0.04,0,0,69,72,63,31770,1,0,0,0,0,0,0
06/17/2016,6,0,0,0,70,77,59,36178,0,0,0,0,0,0,0
06/18/2016,7,0,0,0,69,78,60,30191,0,0,0,0,0,0,0
06/19/2016,1,0,0,0,71,81,63,27975,0,0,0,0,0,0,0
06/20/2016,2,0,0,0,69,76,63,35739,0,0,0,0,0,0,0
06/21/2016,3,0,0,0,78,88,70,36352,0,0,0,0,0,0,0
06/22/2016,4,0,0,0,80,92,67,37585,0,0,0,0,0,0,0
06/23/2016,5,0,0,0,77,84,69,35844,1,0,0,0,0,1,0
06/24/2016,6,0,0,0,76,85,68,36547,1,0,0,0,0,1,0
06/25/2016,7,0,0,0,73,81,65,26985,0,0,0,0,0,0,0
06/26/2016,1,0,0,0,73,80,66,27720,0,0,0,0,0,0,0
06/27/2016,2,0.09,0,0,73,81,66,32414,0,0,0,0,0,0,0
06/28/2016,3,0.14,0,0,72,76,70,34036,1,1,0,0,0,0,0
06/29/2016,4,0,0,0,78,89,70,37207,1,1,0,0,0,1,0
06/30/2016,5,0,0,0,78,85,70,37137,0,0,0,0,0,0,0
07/01/2016,6,0.45,0,0,74,80,68,26205,1,0,1,0,0,0,0
07/02/2016,7,0,0,0,74,81,69,22212,0,0,0,0,0,0,0
07/03/2016,1,0,0,0,75,81,67,21728,0,0,0,0,0,0,0
07/04/2016,2,0.52,0,0,74,82,66,21146,1,0,0,0,0,0,0
07/05/2016,3,0.47,0,0,78,90,72,29559,1,0,0,0,0,0,0
07/06/2016,4,0,0,0,82,88,72,34381,0,0,0,0,0,0,0
07/07/2016,5,0.07,0,0,79,88,75,32697,1,0,0,0,0,1,0
07/08/2016,6,0.02,0,0,78,87,68,29639,1,0,0,0,0,0,0
07/09/2016,7,0.25,0,0,69,72,66,23685,1,0,1,0,0,0,0
07/10/2016,1,0,0,0,73,84,68,25891,0,0,0,0,0,0,0
07/11/2016,2,0,0,0,74,82,67,35785,0,0,0,0,0,0,0
07/12/2016,3,0,0,0,73,80,66,37856,0,0,0,0,0,0,0
07/13/2016,4,0,0,0,75,82,70,37028,0,0,0,0,0,0,0
07/14/2016,5,0.28,0,0,78,85,74,33643,1,0,1,0,0,0,0
07/15/2016,6,0,0,0,83,92,77,32221,0,0,0,0,0,0,0
07/16/2016,7,0.07,0,0,82,88,74,23876,1,0,1,0,0,0,0
07/17/2016,1,0,0,0,79,87,73,25732,0,0,0,0,0,0,0
07/18/2016,2,0.18,0,0,80,91,74,29400,1,0,1,0,0,0,0
07/19/2016,3,0,0,0,80,86,74,37166,0,0,0,0,0,0,0
07/20/2016,4,0,0,0,76,81,68,38405,0,0,0,0,0,0,0
07/21/2016,5,0,0,0,77,85,70,36908,0,0,0,0,0,0,0
07/22/2016,6,0,0,0,80,90,73,32628,0,0,0,0,0,0,0
07/23/2016,7,0,0,0,87,98,77,23424,0,0,0,0,0,0,0
07/24/2016,1,0,0,0,83,90,73,24584,0,0,0,0,0,0,0
07/25/2016,2,2.47,0,0,78,87,74,23634,1,0,1,0,0,0,0
07/26/2016,3,0,0,0,82,93,74,35877,0,0,0,0,0,0,0
07/27/2016,4,0,0,0,82,88,75,36339,0,0,0,0,0,0,0
07/28/2016,5,0,0,0,80,88,74,33524,1,0,0,0,0,1,0
07/29/2016,6,0.65,0,0,77,86,70,25349,1,0,0,0,0,0,0
07/30/2016,7,0.18,0,0,77,85,73,16875,1,0,0,0,0,0,0
07/31/2016,1,0.45,0,0,77,80,73,17276,1,0,1,0,0,1,0
08/01/2016,2,0,0,0,74,78,70,32883,0,0,0,0,0,0,0
08/02/2016,3,0,0,0,74,79,67,37557,0,0,0,0,0,0,0
08/03/2016,4,0,0,0,72,79,64,37705,0,0,0,0,0,0,0
08/04/2016,5,0,0,0,72,80,64,37604,0,0,0,0,0,0,0
08/05/2016,6,0,0,0,74,81,68,34798,0,0,0,0,0,0,0
08/06/2016,7,0.18,0,0,77,84,74,27273,0,0,0,0,0,0,0
08/07/2016,1,0,0,0,80,89,68,25865,0,0,0,0,0,0,0
08/08/2016,2,0,0,0,80,84,73,34271,0,0,0,0,0,0,0
08/09/2016,3,0,0,0,78,86,71,36667,0,0,0,0,0,0,0
08/10/2016,4,0.05,0,0,79,84,74,32603,0,0,0,0,0,0,0
08/11/2016,5,0.06,0,0,82,92,78,31052,0,0,1,0,0,0,0
08/12/2016,6,0.01,0,0,83,90,77,28817,0,0,0,0,0,0,0
08/13/2016,7,0,0,0,85,91,80,24301,0,0,0,0,0,0,0
08/14/2016,1,0.01,0,0,87,95,82,19907,0,0,1,0,0,0,0
08/15/2016,2,0,0,0,84,88,78,31963,0,0,0,0,0,0,0
08/16/2016,3,0,0,0,82,87,77,32814,0,0,1,0,0,0,0
08/17/2016,4,0.01,0,0,82,87,77,35018,0,0,1,0,0,0,0
08/18/2016,5,0.01,0,0,79,85,74,34822,0,0,0,0,0,0,0
08/19/2016,6,0,0,0,80,87,76,33129,0,0,0,0,0,0,0
08/20/2016,7,0.03,0,0,79,87,74,27668,0,0,0,0,0,0,0
08/21/2016,1,0.26,0,0,80,84,76,20526,0,0,0,0,0,0,0
08/22/2016,2,0,0,0,76,81,68,35185,0,0,0,0,0,0,0
08/23/2016,3,0,0,0,71,79,64,37455,0,0,0,0,0,0,0
08/24/2016,4,0,0,0,75,85,67,37022,0,0,0,0,0,0,0
08/25/2016,5,0,0,0,76,81,70,33934,0,0,0,0,0,0,0
08/26/2016,6,0,0,0,81,92,73,32962,0,0,0,0,0,0,0
08/27/2016,7,0,0,0,81,87,74,26090,0,0,0,0,0,0,0
08/28/2016,1,0,0,0,78,83,73,25363,0,0,0,0,0,0,0
08/29/2016,2,0,0,0,81,94,72,33825,0,0,0,0,0,0,0
08/30/2016,3,0,0,0,77,82,71,36079,0,0,0,0,0,0,0
08/31/2016,4,0,0,0,77,85,73,35491,0,0,0,0,0,0,0
09/01/2016,5,0.5,0,0,76,79,71,24128,1,0,0,0,0,0,0
09/02/2016,6,0,0,0,73,80,67,32128,0,0,0,0,0,0,0
09/03/2016,7,0,0,0,74,77,68,22761,0,0,0,0,0,0,0
09/04/2016,1,0,0,0,72,80,65,24828,0,0,0,0,0,0,0
09/05/2016,2,0,0,0,72,84,65,24839,0,0,0,0,0,0,0
09/06/2016,3,0.16,0,0,76,78,70,32983,1,0,0,0,0,0,0
09/07/2016,4,0.01,0,0,76,86,70,37446,0,0,0,0,0,0,0
09/08/2016,5,0,0,0,77,82,70,38039,0,0,0,0,0,0,0
09/09/2016,6,0,0,0,83,91,77,34458,0,0,0,0,0,0,0
09/10/2016,7,0,0,0,80,86,75,26421,0,0,0,0,0,1,0
09/11/2016,1,0,0,0,79,85,68,28368,0,0,0,0,0,0,0
09/12/2016,2,0,0,0,70,77,60,37648,0,0,0,0,0,0,0
09/13/2016,3,0,0,0,70,78,63,39565,0,0,0,0,0,0,0
09/14/2016,4,0.43,0,0,74,83,68,36140,1,0,1,0,0,0,0
09/15/2016,5,0,0,0,69,75,62,41756,0,0,0,0,0,0,0
09/16/2016,6,0,0,0,66,74,56,39218,0,0,0,0,0,0,0
09/17/2016,7,0,0,0,66,75,56,31992,0,0,0,0,0,0,0
09/18/2016,1,0,0,0,74,80,69,27523,0,0,0,0,0,0,0
09/19/2016,2,0.97,0,0,73,74,70,20621,1,0,1,0,0,0,0
09/20/2016,3,0,0,0,73,82,69,39453,1,0,0,0,0,0,0
09/21/2016,4,0,0,0,73,85,65,39411,1,1,0,0,0,0,0
09/22/2016,5,0,0,0,73,83,62,40762,0,0,0,0,0,0,0
09/23/2016,6,0,0,0,71,79,61,39094,1,0,1,0,0,0,0
09/24/2016,7,0.29,0,0,67,72,58,28336,1,0,1,0,0,0,0
09/25/2016,1,0,0,0,62,70,53,28021,0,0,0,0,0,0,0
09/26/2016,2,0,0,0,62,72,51,37181,0,0,0,0,0,0,0
09/27/2016,3,0.18,0,0,70,75,61,37154,0,0,0,0,0,0,0
09/28/2016,4,0,0,0,65,70,59,35704,1,0,0,0,0,0,0
09/29/2016,5,0.02,0,0,62,64,59,33283,0,0,0,0,0,0,0
09/30/2016,6,0.31,0,0,61,62,59,12187,1,0,0,0,0,0,0
10/01/2016,7,0.01,0,0,60,63,58,22057,1,0,0,0,0,0,0
10/02/2016,1,0,0,0,61,65,58,22188,1,0,0,0,0,0,0
10/03/2016,2,0,0,0,65,73,61,34083,1,0,0,0,0,1,0
10/04/2016,3,0,0,0,65,70,57,36162,1,0,0,0,0,0,0
10/05/2016,4,0,0,0,60,69,51,38775,0,0,0,0,0,0,0
10/06/2016,5,0,0,0,60,71,52,40513,0,0,0,0,0,0,0
10/07/2016,6,0,0,0,61,73,52,39453,1,1,0,0,0,1,0
10/08/2016,7,0.49,0,0,62,71,55,18908,1,0,0,0,0,0,0
10/09/2016,1,0.84,0,0,60,66,53,12036,1,0,0,0,0,0,0
10/10/2016,2,0,0,0,55,64,47,30315,0,0,0,0,0,0,0
10/11/2016,3,0,0,0,54,63,45,35466,0,0,0,0,0,0,0
10/12/2016,4,0,0,0,57,66,49,34412,0,0,0,0,0,0,0
10/13/2016,5,0.01,0,0,59,70,50,37153,1,0,0,0,0,0,0
10/14/2016,6,0,0,0,56,63,47,36304,0,0,0,0,0,0,0
10/15/2016,7,0,0,0,54,64,45,28284,0,0,0,0,0,0,0
10/16/2016,1,0,0,0,60,69,51,26355,0,0,0,0,0,0,0
10/17/2016,2,0,0,0,67,75,61,37936,0,0,0,0,0,0,0
10/18/2016,3,0,0,0,67,75,61,41029,1,0,0,0,0,0,0
10/19/2016,4,0,0,0,73,86,61,41683,0,0,0,0,0,0,0
10/20/2016,5,0,0,0,67,72,59,38259,1,0,0,0,0,0,0
10/21/2016,6,0.92,0,0,68,73,60,24580,1,1,0,0,0,0,0
10/22/2016,7,0.37,0,0,55,60,48,14337,1,0,0,0,0,0,0
10/23/2016,1,0,0,0,54,64,46,22332,0,0,0,0,0,0,0
10/24/2016,2,0,0,0,59,66,48,33036,0,0,0,0,0,0,0
10/25/2016,3,0,0,0,51,54,44,31352,0,0,0,0,0,0,0
10/26/2016,4,0,0,0,46,53,40,31464,0,0,0,0,0,0,0
10/27/2016,5,0.54,0,0,46,62,42,12444,1,0,0,0,0,0,0
10/28/2016,6,0,0,0,51,57,43,28036,0,0,0,0,0,0,0
10/29/2016,7,0,0,0,49,63,39,23312,0,0,0,0,0,0,0
10/30/2016,1,0.15,0,0,66,73,56,20041,1,0,1,0,0,0,0
10/31/2016,2,0,0,0,53,57,44,30477,0,0,0,0,0,0,0
11/01/2016,3,0,0,0,49,59,40,33451,0,0,0,0,0,0,0
11/02/2016,4,0,0,0,59,68,53,37575,0,0,0,0,0,0,0
11/03/2016,5,0,0,0,63,73,57,36192,1,0,0,0,0,1,0
11/04/2016,6,0,0,0,58,63,49,34854,0,0,0,0,0,0,0
11/05/2016,7,0,0,0,54,65,44,27060,0,0,0,0,0,0,0
11/06/2016,1,0,0,0,56,61,45,21101,0,0,0,0,0,0,0
11/07/2016,2,0,0,0,48,55,39,30778,0,0,0,0,0,0,0
11/08/2016,3,0,0,0,52,67,39,33935,0,0,0,0,0,0,0
11/09/2016,4,0.01,0,0,55,60,50,22983,1,0,0,0,0,1,0
11/10/2016,5,0,0,0,50,58,41,31068,0,0,0,0,0,0,0
11/11/2016,6,0,0,0,55,66,42,27173,0,0,0,0,0,0,0
11/12/2016,7,0,0,0,44,52,37,19329,0,0,0,0,0,0,0
11/13/2016,1,0,0,0,49,62,40,19904,0,0,0,0,0,0,0
11/14/2016,2,0,0,0,51,59,41,29891,0,0,0,0,0,0,0
11/15/2016,3,1.23,0,0,51,54,48,13929,1,0,1,0,0,0,0
11/16/2016,4,0,0,0,52,62,45,32137,0,0,0,0,0,0,0
11/17/2016,5,0,0,0,56,63,49,32920,0,0,0,0,0,0,0
11/18/2016,6,0,0,0,54,67,44,32394,0,0,0,0,0,0,0
11/19/2016,7,0.07,0,0,53,60,42,22664,1,0,0,0,0,0,0
11/20/2016,1,0.27,0,0,44,44,37,11154,0,0,0,0,0,0,0
11/21/2016,2,0,0,0,40,42,38,20249,0,0,0,0,0,0,0
11/22/2016,3,0,0,0,40,44,38,22330,0,0,0,0,0,1,0
11/23/2016,4,0,0,0,40,47,36,20601,0,0,0,0,0,0,0
11/24/2016,5,0,0,0,44,51,38,6486,0,0,0,0,0,0,0
11/25/2016,6,0,0,0,49,55,46,12019,0,0,0,0,0,1,0
11/26/2016,7,0,0,0,50,53,43,12902,1,0,0,0,0,1,0
11/27/2016,1,0,0,0,45,53,41,13045,0,0,0,0,0,0,0
11/28/2016,2,0,0,0,45,52,37,25343,0,0,0,0,0,0,0
11/29/2016,3,1.42,0,0,55,60,52,8445,1,0,0,0,0,0,0
11/30/2016,4,0.48,0,0,56,59,51,14566,1,1,0,0,0,1,0
12/01/2016,5,0.03,0,0,55,57,44,26768,1,1,0,0,0,0,0
12/02/2016,6,0,0,0,47,53,41,25655,0,0,0,0,0,0,0
12/03/2016,7,0,0,0,46,50,42,16830,0,0,0,0,0,0,0
12/04/2016,1,0,0,0,44,48,39,15107,0,0,0,0,0,0,0
12/05/2016,2,0.22,0,0,44,52,40,21885,1,0,0,0,0,0,0
12/06/2016,3,0.37,0,0,43,47,37,20068,1,0,0,0,0,0,0
12/07/2016,4,0.07,0,0,44,47,41,23634,1,0,0,0,0,1,0
12/08/2016,5,0,0,0,43,45,35,24499,0,0,0,0,0,0,0
12/09/2016,6,0,0,0,37,43,31,20724,0,0,0,0,0,0,0
12/10/2016,7,0,0,0,33,39,30,12688,0,0,0,0,0,0,0
12/11/2016,1,0.02,0.3,0,33,36,28,9786,0,0,0,0,0,1,0
12/12/2016,2,0.6,0,0,42,48,34,18032,1,0,0,0,0,1,0
12/13/2016,3,0,0,0,41,44,37,23631,0,0,0,0,0,0,0
12/14/2016,4,0,0,0,41,45,35,23057,0,0,0,0,0,0,0
12/15/2016,5,0,0,0,30,36,21,15321,0,0,0,0,0,0,0
12/16/2016,6,0,0,0,22,29,19,15048,0,0,0,0,0,0,0
12/17/2016,7,0.74,3,2,31,40,27,4167,1,1,0,1,1,1,0
12/18/2016,1,0.05,0,0,47,60,33,9213,1,1,1,0,0,0,0
12/19/2016,2,0,0,0,31,33,26,15717,0,0,0,0,0,0,0
12/20/2016,3,0,0,0,27,35,20,16792,0,0,0,0,0,0,0
12/21/2016,4,0,0,0,35,41,30,18817,0,0,0,0,0,0,0
12/22/2016,5,0,0,0,42,51,34,18863,0,0,0,0,0,0,0
12/23/2016,6,0,0,0,43,48,38,15640,0,0,0,0,0,0,0
12/24/2016,7,0.6,0,0,42,47,39,4501,1,0,0,0,0,1,0
12/25/2016,1,0,0,0,45,52,36,5338,0,0,0,0,0,0,0
12/26/2016,2,0,0,0,39,49,31,6166,1,1,0,0,0,1,0
12/27/2016,3,0,0,0,54,62,41,15550,1,0,0,0,0,1,0
12/28/2016,4,0,0,0,43,43,32,14136,0,0,0,0,0,0,0
12/29/2016,5,0.36,0,0,39,48,28,7973,1,0,0,0,0,0,0
12/30/2016,6,0,0,0,39,43,35,12590,0,0,0,0,0,0,0
12/31/2016,7,0,0,0,38,45,33,8453,0,0,0,0,0,0,0
01/01/2017,1,0,0,0,46,52,34,8220,0,0,0,0,0,0,0
01/02/2017,2,0.31,0,0,40,43,34,4980,1,0,0,1,0,1,0
01/03/2017,3,0.46,0,0,43,46,41,8643,1,0,0,0,0,0,0
01/04/2017,4,0,0,0,46,55,35,20802,0,0,0,0,0,0,0
01/05/2017,5,0,0,0,34,35,28,17552,0,0,0,0,0,0,0
01/06/2017,6,0.03,1.1,1.2,32,36,27,15202,0,0,0,0,0,0,0
01/07/2017,7,0.22,8.2,0,25,27,21,2489,1,0,0,0,0,1,0
01/08/2017,1,0,0,7.9,21,26,18,3728,0,0,0,0,0,0,0
01/09/2017,2,0,0,7.1,20,24,13,10058,0,0,0,0,0,0,0
01/10/2017,3,0,0,5.9,27,47,20,14441,0,0,0,0,0,0,0
01/11/2017,4,0.46,0,1.2,45,51,41,20145,1,0,0,0,0,0,0
01/12/2017,5,0.1,0,1.2,50,61,46,24495,1,0,0,0,0,0,0
01/13/2017,6,0,0,0,50,58,34,20599,0,0,0,0,0,0,0
01/14/2017,7,0.15,1.8,0,32,34,28,7885,1,0,0,0,0,1,0
01/15/2017,1,0,0,2,35,41,30,9695,0,0,0,0,0,0,0
01/16/2017,2,0,0,0,35,42,28,14048,0,0,0,0,0,0,0
01/17/2017,3,0.59,0,0,40,43,39,11152,1,0,0,0,0,1,0
01/18/2017,4,0.09,0,0,41,42,40,19362,1,0,0,0,0,0,0
01/19/2017,5,0,0,0,43,54,37,22528,0,0,0,0,0,0,0
01/20/2017,6,0.08,0,0,44,46,42,16166,1,0,0,0,0,0,0
01/21/2017,7,0,0,0,44,47,42,15382,1,1,0,0,0,0,0
01/22/2017,1,0.01,0,0,46,54,43,11662,1,1,0,0,0,1,0
01/23/2017,2,0.84,0,0,44,47,38,9656,1,0,0,0,0,0,0
01/24/2017,3,1.22,0,0,38,40,38,8223,1,0,0,0,0,0,0
01/25/2017,4,0,0,0,42,51,37,23241,0,0,0,0,0,0,0
01/26/2017,5,0.03,0,0,45,55,42,20490,1,0,0,0,0,0,0
01/27/2017,6,0,0,0,42,46,36,20250,0,0,0,0,0,0,0
01/28/2017,7,0,0,0,37,40,34,12080,0,0,0,0,0,0,0
01/29/2017,1,0,0,0,38,46,30,12606,0,0,0,0,0,0,0
01/30/2017,2,0,0,0,36,39,30,18497,0,0,0,0,0,0,0
01/31/2017,3,0.05,0.6,0,30,32,26,15812,1,0,0,0,0,0,0
02/01/2017,4,0,0,0,38,48,27,22015,1,0,0,0,0,0,0
02/02/2017,5,0,0,0,40,47,32,21522,0,0,0,0,0,0,0
02/03/2017,6,0,0,0,32,34,26,18238,0,0,0,0,0,0,0
02/04/2017,7,0,0,0,29,35,23,11060,0,0,0,0,0,0,0
02/05/2017,1,0,0,0,35,42,30,11154,0,0,0,0,0,0,0
02/06/2017,2,0,0,0,42,48,36,20631,0,0,0,0,0,0,0
02/07/2017,3,0.1,0,0,40,44,35,14388,1,0,0,0,0,1,0
02/08/2017,4,0,0,0,48,65,39,24911,1,0,0,0,0,1,0
02/09/2017,5,0.74,8.3,1.2,35,44,19,,1,0,0,1,0,1,1
02/10/2017,6,0,0,7.9,24,31,20,1204,0,0,0,0,0,0,0
02/11/2017,7,0,0,5.9,37,45,30,4845,0,0,0,0,0,0,0
02/12/2017,1,0.4,0.1,5.1,36,37,32,3418,1,0,0,1,1,0,0
02/13/2017,2,0,0,3.9,37,39,31,15065,0,0,0,0,0,0,0
02/14/2017,3,0,0,3.1,33,38,28,18486,0,0,0,0,0,0,0
02/15/2017,4,0,0,2,38,46,31,19881,0,0,0,0,0,0,0
02/16/2017,5,0,0,0,35,39,29,18190,0,0,0,0,0,0,0
02/17/2017,6,0,0,0,33,44,27,17888,0,0,0,0,0,0,0
02/18/2017,7,0,0,0,41,53,30,17151,0,0,0,0,0,0,0
02/19/2017,1,0,0,0,55,68,46,20002,0,0,0,0,0,0,0
02/20/2017,2,0,0,0,52,56,38,18530,0,0,0,0,0,0,0
02/21/2017,3,0,0,0,40,45,31,20527,0,0,0,0,0,0,0
02/22/2017,4,0,0,0,44,51,39,23678,0,0,0,0,0,0,0
02/23/2017,5,0,0,0,45,57,38,26487,1,1,0,0,0,0,0
02/24/2017,6,0,0,0,52,62,45,29352,1,1,0,0,0,0,0
02/25/2017,7,0.34,0,0,53,63,47,18822,1,1,1,0,0,1,0
02/26/2017,1,0,0,0,44,47,37,13901,0,0,0,0,0,0,0
02/27/2017,2,0,0,0,41,52,32,22446,0,0,0,0,0,0,0
02/28/2017,3,0,0,0,48,58,43,26053,1,1,0,0,0,0,0
03/01/2017,4,0.01,0,0,51,61,48,25282,1,1,0,0,0,0,0
03/02/2017,5,0,0,0,52,62,37,22229,0,0,0,0,0,0,0
03/03/2017,6,0,0,0,37,42,25,19444,0,0,0,0,0,0,0
03/04/2017,7,0,0,0,27,34,18,9152,0,0,0,0,0,0,0
03/05/2017,1,0,0,0,24,38,16,8966,0,0,0,0,0,0,0
03/06/2017,2,0,0,0,32,42,22,20388,0,0,0,0,0,1,0
03/07/2017,3,0.11,0,0,44,50,42,18556,1,0,0,0,0,0,0
03/08/2017,4,0.05,0,0,52,61,46,26806,1,0,0,0,0,0,0
03/09/2017,5,0,0,0,55,64,46,28046,0,0,0,0,0,0,0
03/10/2017,6,0.26,2.4,0,42,49,24,11598,1,0,0,0,0,1,0
03/11/2017,7,0,0,2,25,29,18,8716,0,0,0,0,0,0,0
03/12/2017,1,0,0,1.2,25,32,20,7599,0,0,0,0,0,0,0
03/13/2017,2,0,0,0,26,34,20,17054,0,0,0,0,0,0,0
03/14/2017,3,1.94,5.1,3.9,32,36,23,,1,0,0,1,0,0,1
03/15/2017,4,0,0,3.9,25,28,22,,0,0,0,0,0,0,0
03/16/2017,5,0,0,3.9,30,40,25,,0,0,0,0,0,0,0
03/17/2017,6,0,0,3.1,36,45,30,4486,0,0,0,0,0,0,0
03/18/2017,7,0.07,0,2,36,40,28,2081,1,0,0,0,0,1,0
03/19/2017,1,0,0,1.2,40,48,35,5847,0,0,0,0,0,0,0
03/20/2017,2,0,0,0,43,55,35,17464,0,0,0,0,0,0,0
03/21/2017,3,0,0,0,49,57,42,23322,0,0,0,0,0,0,0
03/22/2017,4,0,0,0,42,50,24,17270,0,0,0,0,0,0,0
03/23/2017,5,0,0,0,31,44,23,19178,0,0,0,0,0,0,0
03/24/2017,6,0,0,0,40,49,32,21732,0,0,0,0,0,0,0
03/25/2017,7,0.01,0,0,51,62,42,17124,0,0,0,0,0,0,0
03/26/2017,1,0.14,0,0,42,43,39,11325,1,0,0,0,0,0,0
03/27/2017,2,0.19,0,0,45,58,40,16832,1,1,0,0,0,0,0
03/28/2017,3,0.93,0,0,47,49,42,13684,1,0,1,0,0,0,0
03/29/2017,4,0,0,0,49,61,42,27532,0,0,0,0,0,0,0
03/30/2017,5,0.01,0,0,43,50,37,25608,0,0,0,0,0,0,0
03/31/2017,6,2.07,0,0,41,42,39,4428,1,0,0,0,0,0,0
04/01/2017,7,0.01,0,0,42,47,38,,1,0,0,0,0,0,0
04/02/2017,1,0,0,0,50,65,40,,0,0,0,0,0,0,0
04/03/2017,2,0.03,0,0,53,59,42,,1,0,0,0,0,0,0
04/04/2017,3,1.05,0,0,50,54,46,,1,1,0,0,0,0,0
04/05/2017,4,0,0,0,49,60,44,,1,0,0,0,0,0,0
04/06/2017,5,0.96,0,0,46,54,42,,1,1,1,0,0,0,0
04/07/2017,6,0,0,0,48,52,41,,0,0,0,0,0,0,0
04/08/2017,7,0,0,0,47,58,41,,0,0,0,0,0,0,0
04/09/2017,1,0,0,0,51,61,40,,0,0,0,0,0,0,0
04/10/2017,2,0,0,0,52,62,43,,0,0,0,0,0,0,0
04/11/2017,3,0,0,0,56,66,47,,0,0,0,0,0,0,0
04/12/2017,4,0.05,0,0,60,73,52,,0,0,0,0,0,0,0
04/13/2017,5,0,0,0,56,66,49,,0,0,0,0,0,0,0
04/14/2017,6,0,0,0,54,60,47,,0,0,0,0,0,0,0
04/15/2017,7,0,0,0,51,58,44,,0,0,0,0,0,0,0
04/16/2017,1,0.01,0,0,64,83,51,,1,0,0,0,0,0,0
04/17/2017,2,0,0,0,70,76,58,,0,0,0,0,0,0,0
04/18/2017,3,0,0,0,58,62,47,,0,0,0,0,0,0,0
04/19/2017,4,0,0,0,48,52,45,,0,0,0,0,0,0,0
04/20/2017,5,0.17,0,0,54,64,50,,1,0,0,0,0,1,0
04/21/2017,6,0.03,0,0,53,58,49,,1,0,0,0,0,0,0
04/22/2017,7,0.11,0,0,53,58,50,,1,0,0,0,0,0,0
04/23/2017,1,0,0,0,53,61,47,,0,0,0,0,0,0,0
04/24/2017,2,0.01,0,0,51,57,44,,0,0,0,0,0,0,0
04/25/2017,3,0.98,0,0,54,59,51,,1,0,0,0,0,0,0
04/26/2017,4,0.48,0,0,57,62,54,,1,0,0,0,0,0,0
04/27/2017,5,0.01,0,0,60,65,56,,1,1,0,0,0,0,0
04/28/2017,6,0,0,0,62,74,55,,1,1,0,0,0,1,0
04/29/2017,7,0.16,0,0,69,85,60,,1,0,1,0,0,0,0
04/30/2017,1,0,0,0,64,70,51,,1,0,0,0,0,0,0
05/01/2017,2,0,0,0,55,67,50,,1,0,0,0,0,0,0
05/02/2017,3,0.02,0,0,66,77,59,,1,1,0,0,0,0,0
05/03/2017,4,0,0,0,64,68,52,,0,0,0,0,0,0,0
05/04/2017,5,0,0,0,55,61,44,,0,0,0,0,0,0,0
05/05/2017,6,1.78,0,0,55,61,51,,1,1,1,0,0,0,0
05/06/2017,7,0.05,0,0,58,62,54,,1,1,0,0,0,1,0
05/07/2017,1,0,0,0,54,57,49,,0,0,0,0,0,0,0
05/08/2017,2,0,0,0,53,61,42,,0,0,0,0,0,0,0
05/09/2017,3,0,0,0,54,63,47,,0,0,0,0,0,0,0
05/10/2017,4,0,0,0,54,60,50,,0,0,0,0,0,0,0
05/11/2017,5,0,0,0,54,61,48,,0,0,0,0,0,0,0
05/12/2017,6,0,0,0,53,61,47,,0,0,0,0,0,0,0
05/13/2017,7,1.65,0,0,51,53,47,,1,0,0,0,0,0,0
05/14/2017,1,0.01,0,0,54,70,47,,0,0,1,0,0,0,0
05/15/2017,2,0,0,0,61,69,54,,0,0,0,0,0,0,0
05/16/2017,3,0,0,0,66,78,58,,0,0,0,0,0,0,0
05/17/2017,4,0,0,0,-9999,77,57,,0,0,0,0,0,0,0
05/18/2017,5,0,0,0,74,85,65,,0,0,0,0,0,0,0
05/19/2017,6,0,0,0,79,92,67,,0,0,0,0,0,0,0
05/20/2017,7,0,0,0,65,67,53,,0,0,0,0,0,0,0
05/21/2017,1,0,0,0,58,65,49,,0,0,0,0,0,0,0
05/22/2017,2,0.65,0,0,57,63,55,,1,0,0,0,0,0,0
05/23/2017,3,0,0,0,63,70,59,,1,0,0,0,0,0,0
05/24/2017,4,0.02,0,0,62,69,57,,0,0,0,0,0,0,0
05/25/2017,5,1.14,0,0,58,61,56,,1,0,1,0,0,0,0
05/26/2017,6,0.19,0,0,64,77,57,,1,0,1,0,0,0,0
05/27/2017,7,0,0,0,67,73,60,,0,0,0,0,0,0,0
05/28/2017,1,0,-9999,-9999,63,68,58,,1,0,0,0,0,0,0
05/29/2017,2,-9999,-9999,-9999,60,-9999,-9999,,0,0,0,0,0,0,0
